export_mode,chain_requested,requested_category,requested_subtype,name,brand,operator,category,shop,amenity,tourism,leisure,street,housenumber,postcode,city,country,address_formatted,address_quality,latitude,longitude,osm_type,osm_id,source
chain,ICA,retail_grocery,auto,ICA nära Karlaplan,ICA Nära,ICA,Grocery / convenience,supermarket,,,,,,,,Sweden,"59.337217,18.0911217",coordinates_only,59.337217,18.0911217,node,29898149,OpenStreetMap via Overpass API
chain,ICA,retail_grocery,auto,ICA Kvantum Landvetter,ICA Kvantum,,Grocery / convenience,supermarket,,,,,,,,Sweden,"57.6863361,12.211245",coordinates_only,57.6863361,12.211245,node,30452954,OpenStreetMap via Overpass API
chain,ICA,retail_grocery,auto,ICA Nära Vårsta,ICA Nära,,Grocery / convenience,supermarket,,,,Ringvägen,1,14770,Grödinge,Sweden,Ringvägen 1 14770 Grödinge Sweden,strict,59.1646601,17.7961694,node,35514774,OpenStreetMap via Overpass API
chain,ICA,retail_grocery,auto,ICA nära Norrviken,ICA Nära,,Grocery / convenience,supermarket,,,,Stationsallén,2,19270,Sollentuna,Sweden,Stationsallén 2 19270 Sollentuna Sweden,strict,59.4586,17.9231,node,38453442,OpenStreetMap via Overpass API
chain,ICA,retail_grocery,auto,ICA Supermarket Format,ICA Supermarket,,Grocery / convenience,supermarket,,,,Kanalvägen,5B,19461,Upplands Väsby,Sweden,Kanalvägen 5B 19461 Upplands Väsby Sweden,strict,59.4984186,17.9258961,node,49924832,OpenStreetMap via Overpass API
chain,ICA,retail_grocery,auto,ICA Supermarket Atterdags,ICA Supermarket,,Grocery / convenience,supermarket,,,,,,,,Sweden,"57.6335058,18.2896271",coordinates_only,57.6335058,18.2896271,node,54043636,OpenStreetMap via Overpass API
chain,ICA,retail_grocery,auto,Maxi ICA Stormarknad Häggvik,Maxi ICA Stormarknad,,Grocery / convenience,supermarket,,,,Mossvägen,1,19162,Sollentuna,Sweden,Mossvägen 1 19162 Sollentuna Sweden,strict,59.4377882,17.9319525,node,60750116,OpenStreetMap via Overpass API
chain,ICA,retail_grocery,auto,ICA Supermarket Skrapan,ICA Supermarket,,Grocery / convenience,supermarket,,,,Skrapan,114,72210,Västerås,Sweden,Skrapan 114 72210 Västerås Sweden,strict,59.6109313,16.5495677,node,78473316,OpenStreetMap via Overpass API
chain,ICA,retail_grocery,auto,ICA Nära Klingsta,ICA Nära,,Grocery / convenience,supermarket,,,,Edsviksvägen,31,18233,Danderyd,Sweden,Edsviksvägen 31 18233 Danderyd Sweden,strict,59.4003431,18.0256737,node,91625237,OpenStreetMap via Overpass API
chain,ICA,retail_grocery,auto,ICA Tornet,ICA Nära,ICA,Grocery / convenience,supermarket,,,,Stockholmsvägen,43,18207,Stocksund,Sweden,Stockholmsvägen 43 18207 Stocksund Sweden,strict,59.3847828,18.0577742,node,148580618,OpenStreetMap via Overpass API
chain,ICA,retail_grocery,auto,ICA Supermarket Bro,ICA Supermarket,ICA,Grocery / convenience,supermarket,,,,,,,,Sweden,"59.5159804,17.6428187",coordinates_only,59.5159804,17.6428187,node,151014926,OpenStreetMap via Overpass API
chain,ICA,retail_grocery,auto,ICA Supermarket Robertsfors,ICA Supermarket,,Grocery / convenience,supermarket,,,,Storgatan,30,915 32,,Sweden,Storgatan 30 915 32 Sweden,usable,64.1939751,20.8472776,node,158814547,OpenStreetMap via Overpass API
chain,ICA,retail_grocery,auto,ICA Söder,ICA Nära,ICA,Grocery / convenience,supermarket,,,,Södra Kungsgatan,32,80252,Gävle,Sweden,Södra Kungsgatan 32 80252 Gävle Sweden,strict,60.6693883,17.1492785,node,220545714,OpenStreetMap via Overpass API
chain,ICA,retail_grocery,auto,ICA Kvantum BEA Livsmedel,ICA Kvantum,,Grocery / convenience,supermarket,,,,Handelsvägen,188,,Enskede,Sweden,Handelsvägen 188 Enskede Sweden,usable,59.2787858,18.0699775,node,223805462,OpenStreetMap via Overpass API
chain,ICA,retail_grocery,auto,ICA Nära,ICA Nära,ICA,Grocery / convenience,supermarket,,,,,,,,Sweden,"60.6779379,17.1402705",coordinates_only,60.6779379,17.1402705,node,233798593,OpenStreetMap via Overpass API
chain,ICA,retail_grocery,auto,ICA Supermarket Sigtuna,ICA Supermarket,,Grocery / convenience,supermarket,,,,,,,,Sweden,"59.6170493,17.7232231",coordinates_only,59.6170493,17.7232231,node,247736397,OpenStreetMap via Overpass API
chain,ICA,retail_grocery,auto,ICA Köpcenter,ICA Supermarket,,Grocery / convenience,supermarket,,,,,,,,Sweden,"59.0903527,17.5648341",coordinates_only,59.0903527,17.5648341,node,250885849,OpenStreetMap via Overpass API
chain,ICA,retail_grocery,auto,ICA Nära Abrahamsberg,ICA Nära,,Grocery / convenience,supermarket,,,,Abrahamsbergsvägen,8,168 30,Bromma,Sweden,Abrahamsbergsvägen 8 168 30 Bromma Sweden,strict,59.3361456,17.9518695,node,254698035,OpenStreetMap via Overpass API
chain,ICA,retail_grocery,auto,Ica Kvantum Sjöbo,ICA Kvantum,,Grocery / convenience,supermarket,,,,,,,,Sweden,"55.6308335,13.7084811",coordinates_only,55.6308335,13.7084811,node,254748753,OpenStreetMap via Overpass API
chain,ICA,retail_grocery,auto,ICA Nära Rudboda,ICA Nära,,Grocery / convenience,supermarket,,,,,,,,Sweden,"59.374961,18.1784213",coordinates_only,59.374961,18.1784213,node,254913118,OpenStreetMap via Overpass API
chain,ICA,retail_grocery,auto,ICA Supermarket,ICA Supermarket,,Grocery / convenience,supermarket,,,,,,,,Sweden,"55.6426594,13.204794",coordinates_only,55.6426594,13.204794,node,255741953,OpenStreetMap via Overpass API
chain,ICA,retail_grocery,auto,ICA Supermarket Åre,ICA Supermarket,ICA,Grocery / convenience,supermarket,,,,Sankt Olavs väg,33,83752,Åre,Sweden,Sankt Olavs väg 33 83752 Åre Sweden,strict,63.3986913,13.0767528,node,256223048,OpenStreetMap via Overpass API
chain,ICA,retail_grocery,auto,ICA Supermarket Ålidhem,ICA Supermarket,,Grocery / convenience,supermarket,,,,,,,,Sweden,"63.8124034,20.3140413",coordinates_only,63.8124034,20.3140413,node,258577544,OpenStreetMap via Overpass API
chain,ICA,retail_grocery,auto,Ica Brunnshallen Simrishamn,ICA Supermarket,,Grocery / convenience,supermarket,,,,,,,,Sweden,"55.5568756,14.3466785",coordinates_only,55.5568756,14.3466785,node,261167336,OpenStreetMap via Overpass API
chain,ICA,retail_grocery,auto,ICA Kvantum,ICA Kvantum,,Grocery / convenience,supermarket,,,,,,,,Sweden,"55.7097522,13.2151317",coordinates_only,55.7097522,13.2151317,node,266551919,OpenStreetMap via Overpass API
chain,ICA,retail_grocery,auto,ICA Supermarket Gunnarssons,ICA Supermarket,,Grocery / convenience,supermarket,,,,,,,,Sweden,"55.9140043,13.1093845",coordinates_only,55.9140043,13.1093845,node,266560005,OpenStreetMap via Overpass API
chain,ICA,retail_grocery,auto,Ica Nära Vollsjö,ICA Nära,,Grocery / convenience,supermarket,,,,Torget,8,,,Sweden,Torget 8 Sweden,usable,55.7059365,13.790071,node,268944337,OpenStreetMap via Overpass API
chain,ICA,retail_grocery,auto,ICA Supermarket Hemse,ICA Supermarket,ICA,Grocery / convenience,supermarket,,,,Storgatan,59,62012,Hemse,Sweden,Storgatan 59 62012 Hemse Sweden,strict,57.2401978,18.3767659,node,272661780,OpenStreetMap via Overpass API
chain,ICA,retail_grocery,auto,ICA Maxi Brynäs,Maxi ICA Stormarknad,,Grocery / convenience,supermarket,,,,Atlasgatan,40,80286,Gävle,Sweden,Atlasgatan 40 80286 Gävle Sweden,strict,60.6697604,17.1817686,node,277842499,OpenStreetMap via Overpass API
chain,ICA,retail_grocery,auto,ICA Supermarket Skiljebo,ICA Supermarket,,Grocery / convenience,supermarket,,,,,,,,Sweden,"59.6203601,16.5935505",coordinates_only,59.6203601,16.5935505,node,278816379,OpenStreetMap via Overpass API
chain,ICA,retail_grocery,auto,Ica Nära Lövestad,ICA Nära,,Grocery / convenience,supermarket,,,,,,,,Sweden,"55.6534088,13.8899775",coordinates_only,55.6534088,13.8899775,node,279068684,OpenStreetMap via Overpass API
chain,ICA,retail_grocery,auto,ICA Nära Bågen,ICA Nära,,Grocery / convenience,supermarket,,,,Järnvägstorget,,90328,Umeå,Sweden,Järnvägstorget 90328 Umeå Sweden,usable,63.8291,20.2665101,node,283304673,OpenStreetMap via Overpass API
chain,ICA,retail_grocery,auto,ICA Supermarket Bergsjön,ICA Supermarket,,Grocery / convenience,supermarket,,,,,,,,Sweden,"57.7565012,12.071777",coordinates_only,57.7565012,12.071777,node,287192419,OpenStreetMap via Overpass API
chain,ICA,retail_grocery,auto,ICA Renen,ICA Supermarket,,Grocery / convenience,supermarket,,,,,,,,Sweden,"65.096086,17.1139697",coordinates_only,65.096086,17.1139697,node,287363075,OpenStreetMap via Overpass API
chain,ICA,retail_grocery,auto,ICA Supermarket Majorna,ICA Supermarket,,Grocery / convenience,supermarket,,,,,,,,Sweden,"57.6972771,11.9276093",coordinates_only,57.6972771,11.9276093,node,287450930,OpenStreetMap via Overpass API
chain,ICA,retail_grocery,auto,ICA Focus,ICA Kvantum,,Grocery / convenience,supermarket,,,,,,,,Sweden,"57.6984658,11.9929922",coordinates_only,57.6984658,11.9929922,node,287780848,OpenStreetMap via Overpass API
chain,ICA,retail_grocery,auto,ICA Supermarket Kryddan,ICA Supermarket,,Grocery / convenience,supermarket,,,,Billborgsgatan,,,,Sweden,Billborgsgatan Sweden,usable,59.7596362,18.702529,node,288821232,OpenStreetMap via Overpass API
chain,ICA,retail_grocery,auto,ICA Kvantum Götene,ICA Kvantum,,Grocery / convenience,supermarket,,,,Lidköpingsvägen,9,533 21,Götene,Sweden,Lidköpingsvägen 9 533 21 Götene Sweden,strict,58.528898,13.4946231,node,289696324,OpenStreetMap via Overpass API
chain,ICA,retail_grocery,auto,Ica Maxi,Maxi ICA Stormarknad,,Grocery / convenience,supermarket,,,,,,,,Sweden,"56.1644424,13.7807967",coordinates_only,56.1644424,13.7807967,node,291832202,OpenStreetMap via Overpass API
chain,ICA,retail_grocery,auto,ICA Supermarket,ICA Supermarket,ICA,Grocery / convenience,supermarket,,,,Centrumvägen,17,619 72,Vagnhärad,Sweden,Centrumvägen 17 619 72 Vagnhärad Sweden,strict,58.9455207,17.4877813,node,291933520,OpenStreetMap via Overpass API
chain,ICA,retail_grocery,auto,ICA Nära Munkedalshallen,ICA Nära,,Grocery / convenience,supermarket,,,,,,,,Sweden,"58.4664857,11.6745271",coordinates_only,58.4664857,11.6745271,node,295730483,OpenStreetMap via Overpass API
chain,ICA,retail_grocery,auto,ICA Nära Söderberga,ICA Nära,,Grocery / convenience,supermarket,,,,,,,,Sweden,"59.3601196,17.8950339",coordinates_only,59.3601196,17.8950339,node,296937724,OpenStreetMap via Overpass API
chain,ICA,retail_grocery,auto,ICA Supermarket,ICA Supermarket,,Grocery / convenience,supermarket,,,,,,,,Sweden,"57.77835,14.1565056",coordinates_only,57.77835,14.1565056,node,302027609,OpenStreetMap via Overpass API
chain,ICA,retail_grocery,auto,ICA Supermarket,ICA Supermarket,,Grocery / convenience,supermarket,,,,,,,,Sweden,"59.3542669,18.2180344",coordinates_only,59.3542669,18.2180344,node,302898582,OpenStreetMap via Overpass API
chain,ICA,retail_grocery,auto,ICA Hedemyrs,ICA Supermarket,,Grocery / convenience,supermarket,,,,Affärsvägen,12,457 30,Tanumshede,Sweden,Affärsvägen 12 457 30 Tanumshede Sweden,strict,58.72473,11.3244023,node,312273153,OpenStreetMap via Overpass API
chain,ICA,retail_grocery,auto,ICA Supermarket Himnahallen,ICA Supermarket,,Grocery / convenience,supermarket,,,,Himnavägen,155,585 65,Linghem,Sweden,Himnavägen 155 585 65 Linghem Sweden,strict,58.4271738,15.78167,node,314443773,OpenStreetMap via Overpass API
chain,ICA,retail_grocery,auto,ICA Torgkassen,ICA Kvantum,,Grocery / convenience,supermarket,,,,,,,,Sweden,"57.6408243,18.2963996",coordinates_only,57.6408243,18.2963996,node,315981758,OpenStreetMap via Overpass API
chain,ICA,retail_grocery,auto,ICA Esplanaden,ICA Supermarket,,Grocery / convenience,supermarket,,,,,,,,Sweden,"59.3391555,18.0817425",coordinates_only,59.3391555,18.0817425,node,318561966,OpenStreetMap via Overpass API
chain,ICA,retail_grocery,auto,Maxi ICA Stormarknad Kristianstad,Maxi ICA Stormarknad,ICA,Grocery / convenience,supermarket,,,,Sjöcronas Gata,7,291 53,Kristianstad,Sweden,Sjöcronas Gata 7 291 53 Kristianstad Sweden,strict,56.0253211,14.1691196,node,320349384,OpenStreetMap via Overpass API
chain,ICA,retail_grocery,auto,ICA Supermarket Alviks Torg,ICA Supermarket,,Grocery / convenience,supermarket,,,,,,,,Sweden,"59.3327076,17.9829618",coordinates_only,59.3327076,17.9829618,node,324291304,OpenStreetMap via Overpass API
chain,ICA,retail_grocery,auto,Maxi ICA Stormarknad Göteborg,Maxi ICA Stormarknad,,Grocery / convenience,supermarket,,,,Grafiska Vägen,16,41263,Göteborg,Sweden,Grafiska Vägen 16 41263 Göteborg Sweden,strict,57.6802124,12.005165,node,331322016,OpenStreetMap via Overpass API
chain,ICA,retail_grocery,auto,ICA Kvantum Höganäs,ICA Kvantum,,Grocery / convenience,supermarket,,,,,,,,Sweden,"56.1914856,12.5668356",coordinates_only,56.1914856,12.5668356,node,331640629,OpenStreetMap via Overpass API
chain,ICA,retail_grocery,auto,ICA Supermarket,ICA Supermarket,,Grocery / convenience,supermarket,,,,,,,,Sweden,"59.3380314,17.9383011",coordinates_only,59.3380314,17.9383011,node,334103410,OpenStreetMap via Overpass API
chain,ICA,retail_grocery,auto,ICA Supermarket Nyfors,ICA Supermarket,,Grocery / convenience,supermarket,,,,,,,,Sweden,"59.3684598,16.5034003",coordinates_only,59.3684598,16.5034003,node,338981855,OpenStreetMap via Overpass API
chain,ICA,retail_grocery,auto,ICA Supermarket Tunafors,ICA Supermarket,,Grocery / convenience,supermarket,,,,,,,,Sweden,"59.3628857,16.5088099",coordinates_only,59.3628857,16.5088099,node,344107238,OpenStreetMap via Overpass API
chain,ICA,retail_grocery,auto,ICA Supermarket Kolsva handel,ICA Supermarket,,Grocery / convenience,supermarket,,,,Bergslagsvägen,101,,Kolsva,Sweden,Bergslagsvägen 101 Kolsva Sweden,usable,59.6006587,15.8407548,node,346260498,OpenStreetMap via Overpass API
chain,ICA,retail_grocery,auto,ICA Supermarket Osby,ICA Nära,ICA,Grocery / convenience,supermarket,,,,Västra Järnvägsgatan,21,283 31,Osby,Sweden,Västra Järnvägsgatan 21 283 31 Osby Sweden,strict,56.3807295,13.9934695,node,348000591,OpenStreetMap via Overpass API
chain,ICA,retail_grocery,auto,ICA Näset,ICA Nära,,Grocery / convenience,supermarket,,,,,,,,Sweden,"59.3734253,18.143241",coordinates_only,59.3734253,18.143241,node,362412184,OpenStreetMap via Overpass API
chain,ICA,retail_grocery,auto,ICA Gribbylund,ICA Nära,,Grocery / convenience,supermarket,,,,Gribbylunds torg,2,,Täby,Sweden,Gribbylunds torg 2 Täby Sweden,usable,59.4622282,18.0887684,node,365064960,OpenStreetMap via Overpass API
chain,ICA,retail_grocery,auto,ICA Nära Roslagstull,ICA Nära,ICA,Grocery / convenience,supermarket,,,,,,,,Sweden,"59.3493596,18.0594196",coordinates_only,59.3493596,18.0594196,node,372741887,OpenStreetMap via Overpass API
chain,ICA,retail_grocery,auto,ICA Nära Kallhäll,ICA Nära,ICA,Grocery / convenience,supermarket,,,,Gjutarplan,,,Järfälla,Sweden,Gjutarplan Järfälla Sweden,usable,59.4545117,17.8058845,node,374005973,OpenStreetMap via Overpass API
chain,ICA,retail_grocery,auto,ICA Supermarket Luthagens livs,ICA Supermarket,ICA,Grocery / convenience,supermarket,,,,,,,,Sweden,"59.8614265,17.6272446",coordinates_only,59.8614265,17.6272446,node,385355882,OpenStreetMap via Overpass API
chain,ICA,retail_grocery,auto,ICA Nära,ICA Nära,,Grocery / convenience,supermarket,,,,,,,,Sweden,"56.1352616,13.1312219",coordinates_only,56.1352616,13.1312219,node,403627000,OpenStreetMap via Overpass API
chain,ICA,retail_grocery,auto,ICA Banér,ICA Nära,,Grocery / convenience,supermarket,,,,,,,,Sweden,"59.3324119,18.0909196",coordinates_only,59.3324119,18.0909196,node,410595543,OpenStreetMap via Overpass API
chain,ICA,retail_grocery,auto,ICA Supermarket Lejonet,ICA Supermarket,,Grocery / convenience,supermarket,,,,,,,,Sweden,"59.0518325,12.7020369",coordinates_only,59.0518325,12.7020369,node,411394134,OpenStreetMap via Overpass API
chain,ICA,retail_grocery,auto,Maxi ICA Stormarknad Stenhagen Uppsala,Maxi ICA Stormarknad,ICA,Grocery / convenience,supermarket,,,,,,,,Sweden,"59.8488507,17.5599509",coordinates_only,59.8488507,17.5599509,node,412064914,OpenStreetMap via Overpass API
chain,ICA,retail_grocery,auto,ICA Supermarket Högalid,ICA Supermarket,ICA,Grocery / convenience,supermarket,,,,,,,,Sweden,"59.3161686,18.0393903",coordinates_only,59.3161686,18.0393903,node,415283429,OpenStreetMap via Overpass API
chain,ICA,retail_grocery,auto,ICA Kvantum Mariestad,ICA Kvantum,ICA,Grocery / convenience,supermarket,,,,Viktoriagatan,20,542 33,Mariestad,Sweden,Viktoriagatan 20 542 33 Mariestad Sweden,strict,58.7099618,13.8277712,node,427643854,OpenStreetMap via Overpass API
chain,ICA,retail_grocery,auto,ICA Nära Grisslehamns Livs,ICA Nära,,Grocery / convenience,supermarket,,,,Grisslehamnsvägen,691,760 45,Grisslehamn,Sweden,Grisslehamnsvägen 691 760 45 Grisslehamn Sweden,strict,60.1004701,18.8074063,node,430927877,OpenStreetMap via Overpass API
chain,ICA,retail_grocery,auto,ICA Lappkärrsberget,ICA Nära,ICA,Grocery / convenience,supermarket,,,,Professorsslingan,15,114 17,Stockholm,Sweden,Professorsslingan 15 114 17 Stockholm Sweden,strict,59.3697507,18.063029,node,433633924,OpenStreetMap via Overpass API
chain,ICA,retail_grocery,auto,ICA Supermarket Cityhallen,ICA Supermarket,,Grocery / convenience,supermarket,,,,Arklimästaregatan,40,371 15,Karlskrona,Sweden,Arklimästaregatan 40 371 15 Karlskrona Sweden,strict,56.1610348,15.583627,node,434511967,OpenStreetMap via Overpass API
chain,ICA,retail_grocery,auto,ICA,,,Grocery / convenience,supermarket,,,,,,,,Sweden,"55.6349949,13.685807",coordinates_only,55.6349949,13.685807,node,435775564,OpenStreetMap via Overpass API
chain,ICA,retail_grocery,auto,ICA Supermarket Nykvarn,ICA Supermarket,,Grocery / convenience,supermarket,,,,,,,,Sweden,"59.1782996,17.4299097",coordinates_only,59.1782996,17.4299097,node,440623958,OpenStreetMap via Overpass API
chain,ICA,retail_grocery,auto,ICA Kvantum Kvissleby,ICA Kvantum,,Grocery / convenience,supermarket,,,,Affärsgatan,6,86231,Kvissleby,Sweden,Affärsgatan 6 86231 Kvissleby Sweden,strict,62.2984699,17.3789287,node,440894075,OpenStreetMap via Overpass API
chain,ICA,retail_grocery,auto,ICA Folkes Livs,ICA Nära,ICA,Grocery / convenience,supermarket,,,,Rackarbergsgatan,8,,Uppsala,Sweden,Rackarbergsgatan 8 Uppsala Sweden,usable,59.8558401,17.6183741,node,441028191,OpenStreetMap via Overpass API
chain,ICA,retail_grocery,auto,ICA Supermarket Årsta,ICA Supermarket,ICA,Grocery / convenience,supermarket,,,,,,,,Sweden,"59.2963336,18.0523255",coordinates_only,59.2963336,18.0523255,node,442049898,OpenStreetMap via Overpass API
chain,ICA,retail_grocery,auto,ICA Supermarket Enskededalen,ICA Supermarket,,Grocery / convenience,supermarket,,,,Dalens allé,5,121 31,Enskededalen,Sweden,Dalens allé 5 121 31 Enskededalen Sweden,strict,59.2852736,18.0931537,node,442366355,OpenStreetMap via Overpass API
chain,ICA,retail_grocery,auto,ICA Supermarket Berga Centrum,ICA Supermarket,ICA,Grocery / convenience,supermarket,,,,Rimsmedsvägen,19,393 52,Kalmar,Sweden,Rimsmedsvägen 19 393 52 Kalmar Sweden,strict,56.6916459,16.3386335,node,443318072,OpenStreetMap via Overpass API
chain,ICA,retail_grocery,auto,ICA Stjärnköp,ICA Supermarket,,Grocery / convenience,supermarket,,,,,,,,Sweden,"59.6161815,17.8291908",coordinates_only,59.6161815,17.8291908,node,445302837,OpenStreetMap via Overpass API
chain,ICA,retail_grocery,auto,ICA Åkermyntan,ICA Kvantum,ICA,Grocery / convenience,supermarket,,,,,,,,Sweden,"59.3801887,17.8167354",coordinates_only,59.3801887,17.8167354,node,445787267,OpenStreetMap via Overpass API
chain,ICA,retail_grocery,auto,ICA Kvantum Toppen,ICA Kvantum,,Grocery / convenience,supermarket,,,,,,,,Sweden,"55.4259764,12.9642132",coordinates_only,55.4259764,12.9642132,node,447136341,OpenStreetMap via Overpass API
chain,ICA,retail_grocery,auto,ICA Supermarket Väddö,ICA Supermarket,,Grocery / convenience,supermarket,,,,,,,,Sweden,"59.9696314,18.8063138",coordinates_only,59.9696314,18.8063138,node,448199301,OpenStreetMap via Overpass API
chain,ICA,retail_grocery,auto,ICA Supermarket,ICA Supermarket,,Grocery / convenience,supermarket,,,,Kyrkogatan,14,79230,Mora,Sweden,Kyrkogatan 14 79230 Mora Sweden,strict,61.0048608,14.5380167,node,448882247,OpenStreetMap via Overpass API
chain,ICA,retail_grocery,auto,ICA nära Dalastan,ICA Nära,,Grocery / convenience,supermarket,,,,,,,,Sweden,"59.3438926,18.0430968",coordinates_only,59.3438926,18.0430968,node,449795376,OpenStreetMap via Overpass API
chain,ICA,retail_grocery,auto,ICA Supermarket Tannefors,ICA Supermarket,,Grocery / convenience,supermarket,,,,Nya Tanneforsvägen,60,582 42,Linköping,Sweden,Nya Tanneforsvägen 60 582 42 Linköping Sweden,strict,58.405866,15.6421547,node,452268576,OpenStreetMap via Overpass API
chain,ICA,retail_grocery,auto,ICA Supermarket Kärra,ICA Supermarket,,Grocery / convenience,supermarket,,,,,,,,Sweden,"57.7943694,11.9900333",coordinates_only,57.7943694,11.9900333,node,452403596,OpenStreetMap via Overpass API
chain,ICA,retail_grocery,auto,ICA Supermarket Ödeshög,ICA Supermarket,,Grocery / convenience,supermarket,,,,,,,,Sweden,"58.228979,14.6530932",coordinates_only,58.228979,14.6530932,node,453462488,OpenStreetMap via Overpass API
chain,ICA,retail_grocery,auto,ICA Kvantum Flygfyren,ICA Kvantum,,Grocery / convenience,supermarket,,,,Gustav Adolfs väg,55,76142,Norrtälje,Sweden,Gustav Adolfs väg 55 76142 Norrtälje Sweden,strict,59.7521763,18.6940617,node,458376710,OpenStreetMap via Overpass API
chain,ICA,retail_grocery,auto,ICA Kvantum,ICA Kvantum,Ica,Grocery / convenience,supermarket,,,,Siroccogatan,4,131 54,Nacka,Sweden,Siroccogatan 4 131 54 Nacka Sweden,strict,59.3053953,18.1288674,node,458888901,OpenStreetMap via Overpass API
chain,ICA,retail_grocery,auto,ICA Supermarket,ICA Supermarket,,Grocery / convenience,supermarket,,,,,,,,Sweden,"59.3073101,18.0296528",coordinates_only,59.3073101,18.0296528,node,459776346,OpenStreetMap via Overpass API
chain,ICA,retail_grocery,auto,ICA Nära Henriksdal,ICA Nära,ICA,Grocery / convenience,supermarket,,,,Henriksdalsringen,117,131 32,Nacka,Sweden,Henriksdalsringen 117 131 32 Nacka Sweden,strict,59.3110883,18.116887,node,462722792,OpenStreetMap via Overpass API
chain,ICA,retail_grocery,auto,ICA Nära Gärdet,ICA Nära,,Grocery / convenience,supermarket,,,,,,,,Sweden,"59.346649,18.1001204",coordinates_only,59.346649,18.1001204,node,466524079,OpenStreetMap via Overpass API
chain,ICA,retail_grocery,auto,ICA Supermarket Vanadis,ICA Supermarket,,Grocery / convenience,supermarket,,,,,,,,Sweden,"59.3475762,18.0488944",coordinates_only,59.3475762,18.0488944,node,467128515,OpenStreetMap via Overpass API
chain,ICA,retail_grocery,auto,Maxi ICA Stormarknad Lindhagen,Maxi ICA Stormarknad,ICA,Grocery / convenience,supermarket,,,,,,,,Sweden,"59.337221,18.0098203",coordinates_only,59.337221,18.0098203,node,468043008,OpenStreetMap via Overpass API
chain,ICA,retail_grocery,auto,ICA Torgkassen,ICA Supermarket,,Grocery / convenience,supermarket,,,,,,,,Sweden,"59.8623261,17.6462107",coordinates_only,59.8623261,17.6462107,node,469340148,OpenStreetMap via Overpass API
chain,ICA,retail_grocery,auto,ICA Vretgränd,ICA Nära,,Grocery / convenience,supermarket,,,,Vretgränd,9,,,Sweden,Vretgränd 9 Sweden,usable,59.8563511,17.6434187,node,469343579,OpenStreetMap via Overpass API
chain,ICA,retail_grocery,auto,ICA Kvantum,ICA Kvantum,ICA,Grocery / convenience,supermarket,,,,Ågatan,22,,,Sweden,Ågatan 22 Sweden,usable,58.0340909,14.9766516,node,470890432,OpenStreetMap via Overpass API
chain,ICA,retail_grocery,auto,ICA Supermarket Alvesta,ICA Supermarket,ICA,Grocery / convenience,supermarket,,,,Allbogatan,11,34230,ALVESTA,Sweden,Allbogatan 11 34230 ALVESTA Sweden,strict,56.9001892,14.5525041,node,471509015,OpenStreetMap via Overpass API
chain,ICA,retail_grocery,auto,ICA Supermarket Knuten,ICA Supermarket,ICA,Grocery / convenience,supermarket,,,,Oppeby gård,,61155,Nyköping,Sweden,Oppeby gård 61155 Nyköping Sweden,usable,58.7690204,16.9876005,node,471855083,OpenStreetMap via Overpass API
chain,ICA,retail_grocery,auto,ICA Supermarket Favoriten,ICA Supermarket,,Grocery / convenience,supermarket,,,,,,,,Sweden,"59.4721209,18.331549",coordinates_only,59.4721209,18.331549,node,473125665,OpenStreetMap via Overpass API
chain,ICA,retail_grocery,auto,ICA Kvantum,ICA Kvantum,,Grocery / convenience,supermarket,,,,Borggårdsgatan,1,28133,Hässleholm,Sweden,Borggårdsgatan 1 28133 Hässleholm Sweden,strict,56.1546935,13.7594815,node,473463968,OpenStreetMap via Overpass API
chain,ICA,retail_grocery,auto,ICA Kvantum Hjertbergs,ICA Kvantum,ICA,Grocery / convenience,supermarket,,,,Framnäsvägen,1,531 54,Lidköping,Sweden,Framnäsvägen 1 531 54 Lidköping Sweden,strict,58.5082319,13.1458521,node,475589309,OpenStreetMap via Overpass API
chain,ICA,retail_grocery,auto,ICA Nära Lönsboda,ICA Nära,ICA,Grocery / convenience,supermarket,,,,Bredgatan,1,283 71,Lönsboda,Sweden,Bredgatan 1 283 71 Lönsboda Sweden,strict,56.3973991,14.3211175,node,475593043,OpenStreetMap via Overpass API
chain,ICA,retail_grocery,auto,ICA Nära Sälen,ICA Nära,ICA,Grocery / convenience,supermarket,,,,,,,,Sweden,"61.1572808,13.2655829",coordinates_only,61.1572808,13.2655829,node,476285147,OpenStreetMap via Overpass API
chain,ICA,retail_grocery,auto,ICA Supermarket Torsås,ICA Supermarket,,Grocery / convenience,supermarket,,,,,,,,Sweden,"56.4121154,16.0018558",coordinates_only,56.4121154,16.0018558,node,476647704,OpenStreetMap via Overpass API
chain,ICA,retail_grocery,auto,ICA Kvantum,ICA Kvantum,ICA,Grocery / convenience,supermarket,,,,Storängstorget,4,184 30,Åkersberga,Sweden,Storängstorget 4 184 30 Åkersberga Sweden,strict,59.4797303,18.2999234,node,478111284,OpenStreetMap via Overpass API
chain,ICA,retail_grocery,auto,ICA Supermarket Toria,ICA Supermarket,,Grocery / convenience,supermarket,,,,,,,,Sweden,"60.1306837,12.9934383",coordinates_only,60.1306837,12.9934383,node,480427391,OpenStreetMap via Overpass API
chain,ICA,retail_grocery,auto,ICA Fiolen,ICA Supermarket,,Grocery / convenience,supermarket,,,,Vasagatan,2,79521,Rättvik,Sweden,Vasagatan 2 79521 Rättvik Sweden,strict,60.8842668,15.1188004,node,486572078,OpenStreetMap via Overpass API
chain,ICA,retail_grocery,auto,ICA Supermarket Porsön,ICA Supermarket,,Grocery / convenience,supermarket,,,,Professorsvägen,1,977 51,Luleå,Sweden,Professorsvägen 1 977 51 Luleå Sweden,strict,65.6191424,22.1467976,node,489261022,OpenStreetMap via Overpass API
chain,ICA,retail_grocery,auto,ICA Kvantum Lerum,ICA Kvantum,,Grocery / convenience,supermarket,,,,,,,,Sweden,"57.7508157,12.2454559",coordinates_only,57.7508157,12.2454559,node,494501367,OpenStreetMap via Overpass API
chain,ICA,retail_grocery,auto,ICA Supermarket Tuve,ICA Supermarket,,Grocery / convenience,supermarket,,,,Tuve Torg,,41745,Göteborg,Sweden,Tuve Torg 41745 Göteborg Sweden,usable,57.7551604,11.9275812,node,495985839,OpenStreetMap via Overpass API
chain,ICA,retail_grocery,auto,Ica Nära Stuvsta,ICA Nära,,Grocery / convenience,supermarket,,,,,,,,Sweden,"59.2519638,17.9982482",coordinates_only,59.2519638,17.9982482,node,496786568,OpenStreetMap via Overpass API
chain,ICA,retail_grocery,auto,ICA Kvantum Ale,ICA Kvantum,,Grocery / convenience,supermarket,,,,Ale Torg,7,44931,Nödinge,Sweden,Ale Torg 7 44931 Nödinge Sweden,strict,57.8942047,12.047085,node,497071613,OpenStreetMap via Overpass API
chain,ICA,retail_grocery,auto,ICA Supermarket Sveg,ICA Supermarket,,Grocery / convenience,supermarket,,,,Ljusnegatan,3,84232,Sveg,Sweden,Ljusnegatan 3 84232 Sveg Sweden,strict,62.0334704,14.3651635,node,499142558,OpenStreetMap via Overpass API
chain,ICA,retail_grocery,auto,ICA Nära Loftahammar,ICA Nära,,Grocery / convenience,supermarket,,,,Guldknappsvägen,2,,Loftahammar,Sweden,Guldknappsvägen 2 Loftahammar Sweden,usable,57.9073329,16.6975386,node,506243861,OpenStreetMap via Overpass API
chain,ICA,retail_grocery,auto,ICA Kvantum,ICA Kvantum,,Grocery / convenience,supermarket,,,,,,,,Sweden,"56.6522829,16.4702415",coordinates_only,56.6522829,16.4702415,node,508081267,OpenStreetMap via Overpass API
chain,ICA,retail_grocery,auto,ICA Supermarket Länsmanstorget,ICA Supermarket,,Grocery / convenience,supermarket,,,,,,,,Sweden,"57.7335032,11.8935431",coordinates_only,57.7335032,11.8935431,node,508739740,OpenStreetMap via Overpass API
chain,ICA,retail_grocery,auto,Maxi ICA Stormarknad Sundsvall,Maxi ICA Stormarknad,ICA,Grocery / convenience,supermarket,,,,Antennvägen,11,,,Sweden,Antennvägen 11 Sweden,usable,62.442646,17.3481855,node,524700960,OpenStreetMap via Overpass API
chain,ICA,retail_grocery,auto,ICA Baronen,ICA Supermarket,,Grocery / convenience,supermarket,,,,,,,,Sweden,"59.3447776,18.0578962",coordinates_only,59.3447776,18.0578962,node,535261083,OpenStreetMap via Overpass API
chain,ICA,retail_grocery,auto,ICA Sabbatsberg,ICA Supermarket,,Grocery / convenience,supermarket,,,,,,,,Sweden,"59.3398607,18.0471082",coordinates_only,59.3398607,18.0471082,node,535273946,OpenStreetMap via Overpass API
chain,ICA,retail_grocery,auto,ICA Supermarket Söder,ICA Supermarket,,Grocery / convenience,supermarket,,,,Södra Förstadsgatan,83,214 20,Malmö,Sweden,Södra Förstadsgatan 83 214 20 Malmö Sweden,strict,55.5919734,13.0053657,node,536815428,OpenStreetMap via Overpass API
chain,ICA,retail_grocery,auto,ICA Supermarket Möllevången,ICA Supermarket,,Grocery / convenience,supermarket,,,,Sofielundsvägen,21,214 25,,Sweden,Sofielundsvägen 21 214 25 Sweden,usable,55.5900059,13.0106421,node,536819323,OpenStreetMap via Overpass API
chain,ICA,retail_grocery,auto,ICA HM:s Livs,ICA Nära,,Grocery / convenience,supermarket,,,,,,,,Sweden,"59.3232066,17.9567889",coordinates_only,59.3232066,17.9567889,node,537661075,OpenStreetMap via Overpass API
chain,ICA,retail_grocery,auto,ICA Hajen Lågpris,ICA Kvantum,Ica,Grocery / convenience,supermarket,,,,Monarkvägen,2,,Varberg,Sweden,Monarkvägen 2 Varberg Sweden,usable,57.1167799,12.2574167,node,538985997,OpenStreetMap via Overpass API
chain,ICA,retail_grocery,auto,ICA Kvantum Varberg,ICA Kvantum,,Grocery / convenience,supermarket,,,,,,,,Sweden,"57.105012,12.2540179",coordinates_only,57.105012,12.2540179,node,540362669,OpenStreetMap via Overpass API
chain,ICA,retail_grocery,auto,ICA Söder,ICA Kvantum,ICA,Grocery / convenience,supermarket,,,,,,,,Sweden,"56.0389097,12.7010768",coordinates_only,56.0389097,12.7010768,node,540970069,OpenStreetMap via Overpass API
chain,ICA,retail_grocery,auto,ICA Kvantum,ICA Kvantum,ICA,Grocery / convenience,supermarket,,,,,,,,Sweden,"60.4839363,15.4174291",coordinates_only,60.4839363,15.4174291,node,544602142,OpenStreetMap via Overpass API
chain,ICA,retail_grocery,auto,ICA Supermarket Torghallen,ICA Supermarket,,Grocery / convenience,supermarket,,,,,,,,Sweden,"59.2592486,17.2220308",coordinates_only,59.2592486,17.2220308,node,546300497,OpenStreetMap via Overpass API
chain,ICA,retail_grocery,auto,ICA Spegeln,ICA Nära,ICA,Grocery / convenience,supermarket,,,,,,,,Sweden,"60.676393,17.1498459",coordinates_only,60.676393,17.1498459,node,549565809,OpenStreetMap via Overpass API
chain,ICA,retail_grocery,auto,Ica Kvantum,ICA Kvantum,Ica,Grocery / convenience,supermarket,,,,,,,,Sweden,"58.6704188,17.1038286",coordinates_only,58.6704188,17.1038286,node,559929783,OpenStreetMap via Overpass API
chain,ICA,retail_grocery,auto,ICA Nära Brottbyhallen,ICA Nära,ICA,Grocery / convenience,supermarket,,,,Karby Torg,,186 70,Brottby,Sweden,Karby Torg 186 70 Brottby Sweden,usable,59.5603558,18.2268786,node,560087350,OpenStreetMap via Overpass API
chain,ICA,retail_grocery,auto,ICA Esplanad,ICA Supermarket,,Grocery / convenience,supermarket,,,,,,,,Sweden,"62.391425,17.3092828",coordinates_only,62.391425,17.3092828,node,560557470,OpenStreetMap via Overpass API
chain,ICA,retail_grocery,auto,ICA Nära Smelivs,ICA Nära,,Grocery / convenience,supermarket,,,,,,,,Sweden,"59.3209746,17.9724739",coordinates_only,59.3209746,17.9724739,node,566438140,OpenStreetMap via Overpass API
chain,ICA,retail_grocery,auto,ICA Supermarket Salem,ICA Supermarket,,Grocery / convenience,supermarket,,,,,,,,Sweden,"59.2014457,17.7663385",coordinates_only,59.2014457,17.7663385,node,566989953,OpenStreetMap via Overpass API
chain,ICA,retail_grocery,auto,ICA Bomben,ICA Nära,ICA,Grocery / convenience,supermarket,,,,Tobaksvägen,4,12357,Farsta,Sweden,Tobaksvägen 4 12357 Farsta Sweden,strict,59.2552572,18.0785564,node,572460433,OpenStreetMap via Overpass API
chain,ICA,retail_grocery,auto,ICA Supermarket Medis,ICA Supermarket,ICA,Grocery / convenience,supermarket,,,,,,,,Sweden,"59.3143045,18.075372",coordinates_only,59.3143045,18.075372,node,580137592,OpenStreetMap via Overpass API
chain,ICA,retail_grocery,auto,ICA Supermarket Södra Station,ICA Supermarket,ICA,Grocery / convenience,supermarket,,,,,,,,Sweden,"59.3129,18.0574",coordinates_only,59.3129,18.0574,node,583071980,OpenStreetMap via Overpass API
chain,ICA,retail_grocery,auto,ICA Supermarket,ICA Supermarket,,Grocery / convenience,supermarket,,,,,,,,Sweden,"59.0293856,12.224296",coordinates_only,59.0293856,12.224296,node,583766102,OpenStreetMap via Overpass API
chain,ICA,retail_grocery,auto,Maxi ICA Stormarknad Angered,Maxi ICA Stormarknad,ICA,Grocery / convenience,supermarket,,,,,,,,Sweden,"57.7952231,12.0496839",coordinates_only,57.7952231,12.0496839,node,593971770,OpenStreetMap via Overpass API
chain,ICA,retail_grocery,auto,Maxi ICA Stormarknad Haparanda,Maxi ICA Stormarknad,,Grocery / convenience,supermarket,,,,Hästskovägen,2,95336,Haparanda,Sweden,Hästskovägen 2 95336 Haparanda Sweden,strict,65.8422409,24.1189337,node,598605171,OpenStreetMap via Overpass API
chain,ICA,retail_grocery,auto,ICA Nära Telefonplan,ICA Nära,,Grocery / convenience,supermarket,,,,Telefonvägen,20,126 37,Hägersten,Sweden,Telefonvägen 20 126 37 Hägersten Sweden,strict,59.2988217,17.9969403,node,605392903,OpenStreetMap via Overpass API
chain,ICA,retail_grocery,auto,ICA Kvantum Södermalm,ICA Kvantum,ICA,Grocery / convenience,supermarket,,,,,,,,Sweden,"59.3122081,18.0659885",coordinates_only,59.3122081,18.0659885,node,617553543,OpenStreetMap via Overpass API
chain,ICA,retail_grocery,auto,ICA Supermarket Högsbo,ICA Supermarket,,Grocery / convenience,supermarket,,,,,,,,Sweden,"57.6712208,11.9269107",coordinates_only,57.6712208,11.9269107,node,619732011,OpenStreetMap via Overpass API
chain,ICA,retail_grocery,auto,ICA Maxi Hälla,Maxi ICA Stormarknad,,Grocery / convenience,supermarket,,,,,,,Västerås,Sweden,Västerås Sweden,usable,59.6094409,16.620288,node,626011218,OpenStreetMap via Overpass API
chain,ICA,retail_grocery,auto,ICA Supermarket Centrum,ICA Supermarket,,Grocery / convenience,supermarket,,,,Victoriaesplanaden,15,,,Sweden,Victoriaesplanaden 15 Sweden,usable,63.2903778,18.7180633,node,626378705,OpenStreetMap via Overpass API
chain,ICA,retail_grocery,auto,ICA Nära Högsbo,ICA Nära,,Grocery / convenience,supermarket,,,,Marklandsgatan,3,414 77,Göteborg,Sweden,Marklandsgatan 3 414 77 Göteborg Sweden,strict,57.6740534,11.9347127,node,626835575,OpenStreetMap via Overpass API
chain,ICA,retail_grocery,auto,Ica ToGo Sundet,ICA Nära,,Grocery / convenience,supermarket,,,,,,,,Sweden,"59.3188387,18.0349944",coordinates_only,59.3188387,18.0349944,node,632467534,OpenStreetMap via Overpass API
chain,ICA,retail_grocery,auto,Maxi ICA Stormarknad Köping,Maxi ICA Stormarknad,,Grocery / convenience,supermarket,,,,,,,,Sweden,"59.5223022,15.9741936",coordinates_only,59.5223022,15.9741936,node,635807861,OpenStreetMap via Overpass API
chain,ICA,retail_grocery,auto,Ica Nära Pilen,ICA Nära,,Grocery / convenience,supermarket,,,,Guldbrandsgatan,12,50764,Borås,Sweden,Guldbrandsgatan 12 50764 Borås Sweden,strict,57.7070363,12.9706558,node,636101386,OpenStreetMap via Overpass API
chain,ICA,retail_grocery,auto,Ica Supermarket Hagsätra,ICA Supermarket,,Grocery / convenience,supermarket,,,,Hagsätra Torg,28,12473,,Sweden,Hagsätra Torg 28 12473 Sweden,usable,59.262219,18.01401,node,637944651,OpenStreetMap via Overpass API
chain,ICA,retail_grocery,auto,ICA Nära Rågsved,ICA Nära,,Grocery / convenience,supermarket,,,,,,,,Sweden,"59.2568378,18.0276093",coordinates_only,59.2568378,18.0276093,node,638357460,OpenStreetMap via Overpass API
chain,ICA,retail_grocery,auto,ICA Supermarket,ICA Supermarket,ICA,Grocery / convenience,supermarket,,,,,,,,Sweden,"58.3236223,15.1286805",coordinates_only,58.3236223,15.1286805,node,652710824,OpenStreetMap via Overpass API
chain,ICA,retail_grocery,auto,ICA Nära Kode,ICA Nära,ICA,Grocery / convenience,supermarket,,,,,,,,Sweden,"57.9429373,11.851002",coordinates_only,57.9429373,11.851002,node,657817460,OpenStreetMap via Overpass API
chain,ICA,retail_grocery,auto,ICA Supermarket Fridhemsplan,ICA Supermarket,ICA,Grocery / convenience,supermarket,,,,,,,,Sweden,"59.3325068,18.0317258",coordinates_only,59.3325068,18.0317258,node,661187346,OpenStreetMap via Overpass API
chain,ICA,retail_grocery,auto,ICA Ringen,ICA Supermarket,,Grocery / convenience,supermarket,,,,,,,,Sweden,"59.3086228,18.0750449",coordinates_only,59.3086228,18.0750449,node,661477618,OpenStreetMap via Overpass API
chain,ICA,retail_grocery,auto,ICA Lansen,ICA Nära,ICA,Grocery / convenience,supermarket,,,,,,,,Sweden,"59.3082535,18.0812274",coordinates_only,59.3082535,18.0812274,node,661484280,OpenStreetMap via Overpass API
chain,ICA,retail_grocery,auto,ICA Nära,ICA Nära,ICA,Grocery / convenience,supermarket,,,,,,,,Sweden,"59.3157334,18.0329535",coordinates_only,59.3157334,18.0329535,node,661491748,OpenStreetMap via Overpass API
chain,ICA,retail_grocery,auto,ICA Nära Brantingstorg,ICA Nära,ICA,Grocery / convenience,supermarket,,,,,,,,Sweden,"59.8683281,17.6712071",coordinates_only,59.8683281,17.6712071,node,663570267,OpenStreetMap via Overpass API
chain,ICA,retail_grocery,auto,ICA Kvantum Hornstull,ICA Kvantum,,Grocery / convenience,supermarket,,,,,,,,Sweden,"59.3167445,18.0339531",coordinates_only,59.3167445,18.0339531,node,666042119,OpenStreetMap via Overpass API
chain,ICA,retail_grocery,auto,Ludvigsborgs lanthandel ICA,ICA Nära,,Grocery / convenience,supermarket,,,,,,,,Sweden,"55.9041876,13.6075726",coordinates_only,55.9041876,13.6075726,node,666977609,OpenStreetMap via Overpass API
chain,ICA,retail_grocery,auto,ICA Supermarket Lysekil,ICA Supermarket,,Grocery / convenience,supermarket,,,,Landsvägsgatan,17,453 35,Lysekil,Sweden,Landsvägsgatan 17 453 35 Lysekil Sweden,strict,58.2762472,11.4406012,node,670439684,OpenStreetMap via Overpass API
chain,ICA,retail_grocery,auto,ICA Supermarket Pelikan,ICA Supermarket,ICA,Grocery / convenience,supermarket,,,,,,,,Sweden,"59.3154232,18.0851035",coordinates_only,59.3154232,18.0851035,node,675127150,OpenStreetMap via Overpass API
chain,ICA,retail_grocery,auto,Ica Supermarket Brunflo,ICA Supermarket,,Grocery / convenience,supermarket,,,,,,,,Sweden,"63.0816308,14.8245827",coordinates_only,63.0816308,14.8245827,node,676302014,OpenStreetMap via Overpass API
chain,ICA,retail_grocery,auto,ICA Supermarket Skutan,ICA Supermarket,,Grocery / convenience,supermarket,,,,,1,,Hamburgsund,Sweden,1 Hamburgsund Sweden,usable,58.552082,11.270876,node,676843866,OpenStreetMap via Overpass API
chain,ICA,retail_grocery,auto,ICA Supermarket Borgholm,ICA Supermarket,,Grocery / convenience,supermarket,,,,,,,,Sweden,"56.8756876,16.6643699",coordinates_only,56.8756876,16.6643699,node,676916603,OpenStreetMap via Overpass API
chain,ICA,retail_grocery,auto,ICA Supermarket Aptiten,ICA Supermarket,,Grocery / convenience,supermarket,,,,,,,,Sweden,"59.3176963,18.0571716",coordinates_only,59.3176963,18.0571716,node,677103708,OpenStreetMap via Overpass API
chain,ICA,retail_grocery,auto,ICA Nära Häljarpshallen,ICA Nära,,Grocery / convenience,supermarket,,,,,,,,Sweden,"55.856335,12.9110929",coordinates_only,55.856335,12.9110929,node,679466801,OpenStreetMap via Overpass API
chain,ICA,retail_grocery,auto,ICA Torgboden,ICA Nära,,Grocery / convenience,supermarket,,,,Gamla Torg,1,23940,Falsterbo,Sweden,Gamla Torg 1 23940 Falsterbo Sweden,strict,55.391154,12.8342044,node,680156793,OpenStreetMap via Overpass API
chain,ICA,retail_grocery,auto,ICA Supermarket Kungsholmstorg,ICA Supermarket,ICA,Grocery / convenience,supermarket,,,,,,,,Sweden,"59.3285144,18.0433809",coordinates_only,59.3285144,18.0433809,node,680281572,OpenStreetMap via Overpass API
chain,ICA,retail_grocery,auto,ICA Nära Nalohallen,ICA Nära,,Grocery / convenience,supermarket,,,,Strandvägen,5,92432,Sorsele,Sweden,Strandvägen 5 92432 Sorsele Sweden,strict,65.5365217,17.5300286,node,686548996,OpenStreetMap via Overpass API
chain,ICA,retail_grocery,auto,Ica,ICA Supermarket,,Grocery / convenience,supermarket,,,,Sparbanksvägen,,,Hägersten,Sweden,Sparbanksvägen Hägersten Sweden,usable,59.2971133,17.982747,node,687035013,OpenStreetMap via Overpass API
chain,ICA,retail_grocery,auto,ICA Supermarket,ICA Supermarket,,Grocery / convenience,supermarket,,,,Ösmo centrum,,,Ösmo,Sweden,Ösmo centrum Ösmo Sweden,usable,58.9832502,17.8941699,node,700239251,OpenStreetMap via Overpass API
chain,ICA,retail_grocery,auto,ICA Kvantum Örnsköldsvik,ICA Kvantum,,Grocery / convenience,supermarket,,,,Ångermanlandsgatan,24,,,Sweden,Ångermanlandsgatan 24 Sweden,usable,63.3024457,18.721247,node,703795287,OpenStreetMap via Overpass API
chain,ICA,retail_grocery,auto,ICA Nära Årsta,ICA Nära,,Grocery / convenience,supermarket,,,,,,,,Sweden,"59.2978849,18.063044",coordinates_only,59.2978849,18.063044,node,704031414,OpenStreetMap via Overpass API
chain,ICA,retail_grocery,auto,ICA Supermarket Fältöversten,ICA Supermarket,ICA,Grocery / convenience,supermarket,,,,,,,,Sweden,"59.3393244,18.091119",coordinates_only,59.3393244,18.091119,node,707694491,OpenStreetMap via Overpass API
chain,ICA,retail_grocery,auto,ICA Supermarket Globen,ICA Supermarket,ICA,Grocery / convenience,supermarket,,,,Arenaslingan,1,121 77,Johanneshov,Sweden,Arenaslingan 1 121 77 Johanneshov Sweden,strict,59.2922069,18.0822718,node,736797451,OpenStreetMap via Overpass API
chain,ICA,retail_grocery,auto,Maxi ICA Stormarknad Växjö,Maxi ICA Stormarknad,ICA,Grocery / convenience,supermarket,,,,Hejaregatan,30,352 46,Växjö,Sweden,Hejaregatan 30 352 46 Växjö Sweden,strict,56.8836334,14.7668629,node,739953649,OpenStreetMap via Overpass API
chain,ICA,retail_grocery,auto,ICA City Centrum,ICA Kvantum,,Grocery / convenience,supermarket,,,,Allégatan,21,50332,Borås,Sweden,Allégatan 21 50332 Borås Sweden,strict,57.7225053,12.9413455,node,744800657,OpenStreetMap via Overpass API
chain,ICA,retail_grocery,auto,ICA Kvantum,ICA Kvantum,ICA,Grocery / convenience,supermarket,,,,Sollentunavägen,163C,19147,Sollentuna,Sweden,Sollentunavägen 163C 19147 Sollentuna Sweden,strict,59.4274423,17.9512064,node,760423850,OpenStreetMap via Overpass API
chain,ICA,retail_grocery,auto,ICA Nära Haga,ICA Nära,,Grocery / convenience,supermarket,,,,Pilgatan,20,,,Sweden,Pilgatan 20 Sweden,usable,57.6971129,11.9591492,node,762701851,OpenStreetMap via Overpass API
chain,ICA,retail_grocery,auto,ICA Supermarket Sölvesborg,ICA Supermarket,,Grocery / convenience,supermarket,,,,Järnvägsgatan,1,294 34,Sölvesborg,Sweden,Järnvägsgatan 1 294 34 Sölvesborg Sweden,strict,56.0496256,14.5824779,node,773271191,OpenStreetMap via Overpass API
chain,ICA,retail_grocery,auto,ICA Supermarket Haga Centrum,ICA Supermarket,,Grocery / convenience,supermarket,,,,,,,,Sweden,"59.2754585,15.1648895",coordinates_only,59.2754585,15.1648895,node,777308796,OpenStreetMap via Overpass API
chain,ICA,retail_grocery,auto,ICA Supermarket Munka Ljungby,ICA Supermarket,,Grocery / convenience,supermarket,,,,Ringgatan,4,26631,Munka-Ljungby,Sweden,Ringgatan 4 26631 Munka-Ljungby Sweden,strict,56.2596849,12.968785,node,778527793,OpenStreetMap via Overpass API
chain,ICA,retail_grocery,auto,ICA Supermarket Vallhamra,ICA Supermarket,,Grocery / convenience,supermarket,,,,,,,,Sweden,"57.7205754,12.0709161",coordinates_only,57.7205754,12.0709161,node,792686450,OpenStreetMap via Overpass API
chain,ICA,retail_grocery,auto,ICA Supermarket Sävja,ICA Supermarket,ICA,Grocery / convenience,supermarket,,,,,,,,Sweden,"59.8204523,17.6978209",coordinates_only,59.8204523,17.6978209,node,801154639,OpenStreetMap via Overpass API
chain,ICA,retail_grocery,auto,"ICA Hallen, Axelsberg",ICA Nära,,Grocery / convenience,supermarket,,,,,,,,Sweden,"59.3048107,17.9755631",coordinates_only,59.3048107,17.9755631,node,804687572,OpenStreetMap via Overpass API
chain,ICA,retail_grocery,auto,ICA Supermarket Båstad,ICA Supermarket,,Grocery / convenience,supermarket,,,,,,,,Sweden,"56.426912,12.8489851",coordinates_only,56.426912,12.8489851,node,814689139,OpenStreetMap via Overpass API
chain,ICA,retail_grocery,auto,ICA Kvantum Solna C,ICA Kvantum,,Grocery / convenience,supermarket,,,,,,17145,Solna,Sweden,17145 Solna Sweden,usable,59.3606266,18.0006989,node,822916978,OpenStreetMap via Overpass API
chain,ICA,retail_grocery,auto,Ica Nära,ICA Nära,,Grocery / convenience,supermarket,,,,,,,,Sweden,"59.2838843,18.1140675",coordinates_only,59.2838843,18.1140675,node,825063308,OpenStreetMap via Overpass API
chain,ICA,retail_grocery,auto,ICA Träffen,ICA Nära,,Grocery / convenience,supermarket,,,,,,,,Sweden,"56.2388193,12.868023",coordinates_only,56.2388193,12.868023,node,826216117,OpenStreetMap via Overpass API
chain,ICA,retail_grocery,auto,ICA Nära Oskarstorget,ICA Nära,ICA,Grocery / convenience,supermarket,,,,Engelbrektsgatan,6,70214,Örebro,Sweden,Engelbrektsgatan 6 70214 Örebro Sweden,strict,59.2698155,15.2252259,node,829288826,OpenStreetMap via Overpass API
chain,ICA,retail_grocery,auto,ICA Supermarket Töreboda,ICA Supermarket,,Grocery / convenience,supermarket,,,,Drottninggatan,2,54530,Töreboda,Sweden,Drottninggatan 2 54530 Töreboda Sweden,strict,58.7071806,14.1248822,node,835460607,OpenStreetMap via Overpass API
chain,ICA,retail_grocery,auto,ICA Nära Sulvikingen,ICA Nära,,Grocery / convenience,supermarket,,,,Sulvik,,,Arvika,Sweden,Sulvik Arvika Sweden,usable,59.6762024,12.41705,node,837172575,OpenStreetMap via Overpass API
chain,ICA,retail_grocery,auto,ICA Kvantum,ICA Kvantum,ICA,Grocery / convenience,supermarket,,,,,,,,Sweden,"59.8772603,17.6734929",coordinates_only,59.8772603,17.6734929,node,838198371,OpenStreetMap via Overpass API
chain,ICA,retail_grocery,auto,ICA Klingan,ICA Supermarket,,Grocery / convenience,supermarket,,,,,,,,Sweden,"59.3526211,13.1114638",coordinates_only,59.3526211,13.1114638,node,842021061,OpenStreetMap via Overpass API
chain,ICA,retail_grocery,auto,ICA Nära Kärnan,ICA Nära,ICA,Grocery / convenience,supermarket,,,,Petersbergsgatan,25,,Karlstad,Sweden,Petersbergsgatan 25 Karlstad Sweden,usable,59.3851476,13.463656,node,847669717,OpenStreetMap via Overpass API
chain,ICA,retail_grocery,auto,ICA Supermarket Waxholm,ICA Supermarket,ICA,Grocery / convenience,supermarket,,,,Fredriksstrandsvägen,2,185 38,Vaxholm,Sweden,Fredriksstrandsvägen 2 185 38 Vaxholm Sweden,strict,59.4023078,18.331439,node,849852879,OpenStreetMap via Overpass API
chain,ICA,retail_grocery,auto,Maxi ICA Stormarknad,Maxi ICA Stormarknad,ICA,Grocery / convenience,supermarket,,,,,,,,Sweden,"59.3763263,13.4288818",coordinates_only,59.3763263,13.4288818,node,858084869,OpenStreetMap via Overpass API
chain,ICA,retail_grocery,auto,ICA Maxi Gunnesbo,Maxi ICA Stormarknad,,Grocery / convenience,supermarket,,,,Traktorvägen,1-3,226 60,Lund,Sweden,Traktorvägen 1-3 226 60 Lund Sweden,strict,55.7168824,13.1643471,node,858991927,OpenStreetMap via Overpass API
chain,ICA,retail_grocery,auto,ICA Blomman,ICA Nära,,Grocery / convenience,supermarket,,,,,,,,Sweden,"58.4756268,13.8644958",coordinates_only,58.4756268,13.8644958,node,861615654,OpenStreetMap via Overpass API
chain,ICA,retail_grocery,auto,ICA,ICA Supermarket,,Grocery / convenience,supermarket,,,,,,,,Sweden,"60.510071,14.2332398",coordinates_only,60.510071,14.2332398,node,869271297,OpenStreetMap via Overpass API
chain,ICA,retail_grocery,auto,ICA Nära Viken,ICA Nära,ICA,Grocery / convenience,supermarket,,,,,,,,Sweden,"59.3769948,13.4906672",coordinates_only,59.3769948,13.4906672,node,884152526,OpenStreetMap via Overpass API
chain,ICA,retail_grocery,auto,ICA Supermarket Hässelby Torg,ICA Supermarket,,Grocery / convenience,supermarket,,,,Hässelby Torg,18,165 55,Hässelby,Sweden,Hässelby Torg 18 165 55 Hässelby Sweden,strict,59.3678447,17.8437287,node,905132640,OpenStreetMap via Overpass API
chain,ICA,retail_grocery,auto,Ica Maxi,Maxi ICA Stormarknad,Ica,Grocery / convenience,supermarket,,,,Dragaregatan,2,26575,Hyllinge,Sweden,Dragaregatan 2 26575 Hyllinge Sweden,strict,56.1009367,12.8594644,node,907186988,OpenStreetMap via Overpass API
chain,ICA,retail_grocery,auto,Maxi ICA Stormarknad Karlshamn,Maxi ICA Stormarknad,,Grocery / convenience,supermarket,,,,Korpadalsvägen,3,374 51,Asarum,Sweden,Korpadalsvägen 3 374 51 Asarum Sweden,strict,56.1957711,14.8441086,node,913797174,OpenStreetMap via Overpass API
chain,ICA,retail_grocery,auto,ICA Supermarket Linero Torg,ICA Supermarket,,Grocery / convenience,supermarket,,,,Emblas gata,23,224 76,Lund,Sweden,Emblas gata 23 224 76 Lund Sweden,strict,55.6945284,13.2426153,node,918931927,OpenStreetMap via Overpass API
chain,ICA,retail_grocery,auto,Ica Nära Kurir Livs,ICA Nära,Ica,Grocery / convenience,supermarket,,,,,,,,Sweden,"56.0655139,12.7004469",coordinates_only,56.0655139,12.7004469,node,927162157,OpenStreetMap via Overpass API
chain,ICA,retail_grocery,auto,ICA Nära Humlegården,ICA Nära,ICA,Grocery / convenience,supermarket,,,,,,,,Sweden,"59.3420961,18.069239",coordinates_only,59.3420961,18.069239,node,928531207,OpenStreetMap via Overpass API
chain,ICA,retail_grocery,auto,ICA Myran,ICA Nära,ICA,Grocery / convenience,supermarket,,,,,,,,Sweden,"59.3970823,18.0443137",coordinates_only,59.3970823,18.0443137,node,933733963,OpenStreetMap via Overpass API
chain,ICA,retail_grocery,auto,ICA Supermarket,ICA Supermarket,,Grocery / convenience,supermarket,,,,Järnvägsgatan,28,361 30,Emmaboda,Sweden,Järnvägsgatan 28 361 30 Emmaboda Sweden,strict,56.630073,15.5372608,node,933753490,OpenStreetMap via Overpass API
chain,ICA,retail_grocery,auto,ICA Kvantum,ICA Kvantum,ICA Kvantum Sannegården,Grocery / convenience,supermarket,,,,,,,,Sweden,"57.7098267,11.92911",coordinates_only,57.7098267,11.92911,node,954993812,OpenStreetMap via Overpass API
chain,ICA,retail_grocery,auto,ICA Nära Bygdeå,ICA Nära,ICA,Grocery / convenience,supermarket,,,,Prästgärdan,1,915 98,Bygdeå,Sweden,Prästgärdan 1 915 98 Bygdeå Sweden,strict,64.0616586,20.8494006,node,982842426,OpenStreetMap via Overpass API
chain,ICA,retail_grocery,auto,ICA Kvantum,ICA Kvantum,,Grocery / convenience,supermarket,,,,,,,,Sweden,"60.6919469,17.1169165",coordinates_only,60.6919469,17.1169165,node,984077049,OpenStreetMap via Overpass API
chain,ICA,retail_grocery,auto,ICA Nära Orren,ICA Nära,,Grocery / convenience,supermarket,,,,Orrstigen,1,,Södertälje,Sweden,Orrstigen 1 Södertälje Sweden,usable,59.199121,17.6076994,node,984197115,OpenStreetMap via Overpass API
chain,ICA,retail_grocery,auto,ICA Kvantum,ICA Kvantum,,Grocery / convenience,supermarket,,,,,,,,Sweden,"58.5733113,16.2112094",coordinates_only,58.5733113,16.2112094,node,1028596334,OpenStreetMap via Overpass API
chain,ICA,retail_grocery,auto,ICA Stationen,ICA Kvantum,,Grocery / convenience,supermarket,,,,,,,,Sweden,"55.8795018,12.8557526",coordinates_only,55.8795018,12.8557526,node,1033256780,OpenStreetMap via Overpass API
chain,ICA,retail_grocery,auto,ICA Supermarket Täby kyrkby,ICA Supermarket,,Grocery / convenience,supermarket,,,,,,,,Sweden,"59.4936304,18.0658221",coordinates_only,59.4936304,18.0658221,node,1039381335,OpenStreetMap via Overpass API
chain,ICA,retail_grocery,auto,"ICA Supermarket Berga Centrum, Linköping",ICA Supermarket,,Grocery / convenience,supermarket,,,,Söderleden,33,587 36,Linköping,Sweden,Söderleden 33 587 36 Linköping Sweden,strict,58.3922933,15.6434628,node,1057325123,OpenStreetMap via Overpass API
chain,ICA,retail_grocery,auto,ICA Nära Bergsgatan,ICA Nära,,Grocery / convenience,supermarket,,,,Bergsgatan,41,852 36,,Sweden,Bergsgatan 41 852 36 Sweden,usable,62.3865196,17.2996448,node,1058753364,OpenStreetMap via Overpass API
chain,ICA,retail_grocery,auto,ICA Nära Vittsjöhallen,ICA Nära,ICA,Grocery / convenience,supermarket,,,,Hässleholmsvägen,25,280 22,Vittsjö,Sweden,Hässleholmsvägen 25 280 22 Vittsjö Sweden,strict,56.3402278,13.6641762,node,1098288183,OpenStreetMap via Overpass API
chain,ICA,retail_grocery,auto,ICA Nära,ICA Nära,,Grocery / convenience,supermarket,,,,,,,,Sweden,"66.051761,17.8923622",coordinates_only,66.051761,17.8923622,node,1117017098,OpenStreetMap via Overpass API
chain,ICA,retail_grocery,auto,ICA Strömmen,ICA Nära,,Grocery / convenience,supermarket,,,,Kungsgatan,41,602 20,Norrköping,Sweden,Kungsgatan 41 602 20 Norrköping Sweden,strict,58.5906415,16.1788728,node,1117875427,OpenStreetMap via Overpass API
chain,ICA,retail_grocery,auto,ICA Nära Bäckby,ICA Nära,,Grocery / convenience,supermarket,,,,,,,,Sweden,"59.5991003,16.4766487",coordinates_only,59.5991003,16.4766487,node,1126555653,OpenStreetMap via Overpass API
chain,ICA,retail_grocery,auto,ICA Nära Effkå,ICA Nära,ICA,Grocery / convenience,supermarket,,,,Kungsladugårdsgatan,15,414 69,Göteborg,Sweden,Kungsladugårdsgatan 15 414 69 Göteborg Sweden,strict,57.6851555,11.9249731,node,1137041876,OpenStreetMap via Overpass API
chain,ICA,retail_grocery,auto,Ica Trollet,ICA Supermarket,,Grocery / convenience,supermarket,,,,,,,,Sweden,"63.1684835,17.2656607",coordinates_only,63.1684835,17.2656607,node,1141040053,OpenStreetMap via Overpass API
chain,ICA,retail_grocery,auto,Ica Nära Tores Allköp,ICA Nära,,Grocery / convenience,supermarket,,,,,,,,Sweden,"55.4232761,13.5690823",coordinates_only,55.4232761,13.5690823,node,1150980487,OpenStreetMap via Overpass API
chain,ICA,retail_grocery,auto,ICA Supermarket Gruvhallen,ICA Supermarket,Ica Supermarket,Grocery / convenience,supermarket,,,,,,,,Sweden,"60.0638984,15.9249943",coordinates_only,60.0638984,15.9249943,node,1152458709,OpenStreetMap via Overpass API
chain,ICA,retail_grocery,auto,ICA Enebytorg,ICA Nära,,Grocery / convenience,supermarket,,,,,,,,Sweden,"59.4325478,18.039006",coordinates_only,59.4325478,18.039006,node,1165070134,OpenStreetMap via Overpass API
chain,ICA,retail_grocery,auto,Ica Supermarket Eneby,ICA Supermarket,,Grocery / convenience,supermarket,,,,Slåttergatan,80,,Norrköping,Sweden,Slåttergatan 80 Norrköping Sweden,usable,58.6037913,16.1442783,node,1181400481,OpenStreetMap via Overpass API
chain,ICA,retail_grocery,auto,ICA-BBB,ICA Supermarket,,Grocery / convenience,supermarket,,,,,,,,Sweden,"59.8377431,13.1450896",coordinates_only,59.8377431,13.1450896,node,1181554139,OpenStreetMap via Overpass API
chain,ICA,retail_grocery,auto,Ica Supermarket Spånga,ICA Supermarket,,Grocery / convenience,supermarket,,,,Spånga torg,15,163 51,Spånga,Sweden,Spånga torg 15 163 51 Spånga Sweden,strict,59.3821477,17.8979716,node,1184321740,OpenStreetMap via Overpass API
chain,ICA,retail_grocery,auto,ICA Supermarket,ICA Supermarket,,Grocery / convenience,supermarket,,,,,,,,Sweden,"65.5925327,19.1757456",coordinates_only,65.5925327,19.1757456,node,1186245002,OpenStreetMap via Overpass API
chain,ICA,retail_grocery,auto,ICA Kvantum,ICA Kvantum,,Grocery / convenience,supermarket,,,,Gamla Kungsvägen,54,54143,Skövde,Sweden,Gamla Kungsvägen 54 54143 Skövde Sweden,strict,58.3955458,13.8341856,node,1191256122,OpenStreetMap via Overpass API
chain,ICA,retail_grocery,auto,ICA Nära City,ICA Nära,ICA,Grocery / convenience,supermarket,,,,,,,,Sweden,"56.0491173,12.6911044",coordinates_only,56.0491173,12.6911044,node,1202125715,OpenStreetMap via Overpass API
chain,ICA,retail_grocery,auto,ICA Supermarket,ICA Supermarket,,Grocery / convenience,supermarket,,,,Raholmsvägen,11,865 31,,Sweden,Raholmsvägen 11 865 31 Sweden,usable,62.4288919,17.4170387,node,1236951428,OpenStreetMap via Overpass API
chain,ICA,retail_grocery,auto,ICA Supermarket Edsberg,ICA Supermarket,,Grocery / convenience,supermarket,,,,Edsbergs torg,16,19252,Sollentuna,Sweden,Edsbergs torg 16 19252 Sollentuna Sweden,strict,59.44574,17.9656312,node,1251649209,OpenStreetMap via Overpass API
chain,ICA,retail_grocery,auto,Ica Riddaren,ICA Nära,ICA,Grocery / convenience,supermarket,,,,,,,,Sweden,"59.3092417,18.0640811",coordinates_only,59.3092417,18.0640811,node,1258634201,OpenStreetMap via Overpass API
chain,ICA,retail_grocery,auto,ICA Kvantum Liljeholmen,ICA Kvantum,,Grocery / convenience,supermarket,,,,,,,,Sweden,"59.3094423,18.0222688",coordinates_only,59.3094423,18.0222688,node,1281441051,OpenStreetMap via Overpass API
chain,ICA,retail_grocery,auto,ICA Nära Vretahallen,ICA Nära,,Grocery / convenience,supermarket,,,,Bergsbadsvägen,1,59077,Vreta Kloster,Sweden,Bergsbadsvägen 1 59077 Vreta Kloster Sweden,strict,58.489098,15.5263563,node,1323490825,OpenStreetMap via Overpass API
chain,ICA,retail_grocery,auto,Jarbells ICA,ICA Nära,,Grocery / convenience,supermarket,,,,Stationsvägen,14,646 50,Björnlunda,Sweden,Stationsvägen 14 646 50 Björnlunda Sweden,strict,59.0647895,17.1588611,node,1329791468,OpenStreetMap via Overpass API
chain,ICA,retail_grocery,auto,ICA Kvantum Vallentuna,ICA Kvantum,,Grocery / convenience,supermarket,,,,Torggatan,17,186 31,Vallentuna,Sweden,Torggatan 17 186 31 Vallentuna Sweden,strict,59.5351641,18.0784806,node,1338435907,OpenStreetMap via Overpass API
chain,ICA,retail_grocery,auto,Ica Falken,ICA Nära,,Grocery / convenience,supermarket,,,,,,,,Sweden,"59.2525383,14.9576202",coordinates_only,59.2525383,14.9576202,node,1340568848,OpenStreetMap via Overpass API
chain,ICA,retail_grocery,auto,ICA Stop,ICA Supermarket,,Grocery / convenience,supermarket,,,,Bergtorpsvägen,43B,183 64,Täby,Sweden,Bergtorpsvägen 43B 183 64 Täby Sweden,strict,59.4421999,18.096066,node,1349320789,OpenStreetMap via Overpass API
chain,ICA,retail_grocery,auto,ICA Supermarket,ICA Supermarket,ICA,Grocery / convenience,supermarket,,,,,,,,Sweden,"62.6758993,17.8407443",coordinates_only,62.6758993,17.8407443,node,1360562140,OpenStreetMap via Overpass API
chain,ICA,retail_grocery,auto,ICA Supermarket Samköp,ICA Supermarket,,Grocery / convenience,supermarket,post_office,,,,,,,Sweden,"59.8774453,17.646771",coordinates_only,59.8774453,17.646771,node,1365863407,OpenStreetMap via Overpass API
chain,ICA,retail_grocery,auto,ICA Maxi Stormarknad Motala,Maxi ICA Stormarknad,,Grocery / convenience,supermarket,,,,Hökartorget,,591 53,Motala,Sweden,Hökartorget 591 53 Motala Sweden,usable,58.5573477,15.0341495,node,1369951836,OpenStreetMap via Overpass API
chain,ICA,retail_grocery,auto,ICA Maxi Söderhamn,ICA Kvantum,,Grocery / convenience,supermarket,,,,,,,,Sweden,"61.2957555,17.0209185",coordinates_only,61.2957555,17.0209185,node,1372342896,OpenStreetMap via Overpass API
chain,ICA,retail_grocery,auto,ICA Supermarket,ICA Supermarket,ICA,Grocery / convenience,supermarket,,,,,,,,Sweden,"59.2556144,17.1045363",coordinates_only,59.2556144,17.1045363,node,1378091288,OpenStreetMap via Overpass API
chain,ICA,retail_grocery,auto,ICA Nära Ryssby,ICA Nära,,Grocery / convenience,supermarket,,,,,,,,Sweden,"56.8642381,14.1652312",coordinates_only,56.8642381,14.1652312,node,1387268471,OpenStreetMap via Overpass API
chain,ICA,retail_grocery,auto,ICA Nära Rydaholm,ICA Nära,,Grocery / convenience,supermarket,,,,Alvestavägen,15,,Rydaholm,Sweden,Alvestavägen 15 Rydaholm Sweden,usable,56.9844105,14.3084807,node,1387437280,OpenStreetMap via Overpass API
chain,ICA,retail_grocery,auto,ICA Supermarket Johannelund,ICA Supermarket,ICA,Grocery / convenience,supermarket,,,,Skogslyckegatan,3,587 26,Linköping,Sweden,Skogslyckegatan 3 587 26 Linköping Sweden,strict,58.395637,15.6624149,node,1387614601,OpenStreetMap via Overpass API
chain,ICA,retail_grocery,auto,ICA Supermarket Glädjen,ICA Supermarket,,Grocery / convenience,supermarket,,,,,,,,Sweden,"59.5138973,17.928364",coordinates_only,59.5138973,17.928364,node,1396946689,OpenStreetMap via Overpass API
chain,ICA,retail_grocery,auto,ICA Alen,ICA Supermarket,,Grocery / convenience,supermarket,,,,,,,,Sweden,"61.3030623,17.0585055",coordinates_only,61.3030623,17.0585055,node,1406306627,OpenStreetMap via Overpass API
chain,ICA,retail_grocery,auto,ICA Nära Björnen,ICA Nära,,Grocery / convenience,supermarket,,,,,,,,Sweden,"56.0472169,12.7181505",coordinates_only,56.0472169,12.7181505,node,1413850484,OpenStreetMap via Overpass API
chain,ICA,retail_grocery,auto,ICA Nära Lindholmen,ICA Nära,,Grocery / convenience,supermarket,,,,Lindholmen,,,Vallentuna,Sweden,Lindholmen Vallentuna Sweden,usable,59.5893325,18.1070938,node,1419848068,OpenStreetMap via Overpass API
chain,ICA,retail_grocery,auto,ICA Djupedalsängs Livs,ICA Nära,,Grocery / convenience,supermarket,,,,Råstensvägen,1,43541,Mölnlycke,Sweden,Råstensvägen 1 43541 Mölnlycke Sweden,strict,57.6479189,12.1228523,node,1420666849,OpenStreetMap via Overpass API
chain,ICA,retail_grocery,auto,ICA Supermarket Älta,ICA Supermarket,,Grocery / convenience,supermarket,,,,,,,,Sweden,"59.2556251,18.1781356",coordinates_only,59.2556251,18.1781356,node,1435752038,OpenStreetMap via Overpass API
chain,ICA,retail_grocery,auto,ICA Kvantum,ICA Kvantum,,Grocery / convenience,supermarket,,,,Lulevägen,27,,,Sweden,Lulevägen 27 Sweden,usable,65.816985,21.708416,node,1446626060,OpenStreetMap via Overpass API
chain,ICA,retail_grocery,auto,ICA Supermarket City,ICA Supermarket,,Grocery / convenience,supermarket,,,,,,,,Sweden,"63.8260591,20.2592534",coordinates_only,63.8260591,20.2592534,node,1477609408,OpenStreetMap via Overpass API
chain,ICA,retail_grocery,auto,ICA Nära Hindås,ICA Nära,,Grocery / convenience,supermarket,,,,,,,,Sweden,"57.7036764,12.451253",coordinates_only,57.7036764,12.451253,node,1486149155,OpenStreetMap via Overpass API
chain,ICA,retail_grocery,auto,ICA Lunden,ICA Supermarket,,Grocery / convenience,supermarket,,,,Stupvägen,1,19142,Sollentuna,Sweden,Stupvägen 1 19142 Sollentuna Sweden,strict,59.4103487,17.9636055,node,1487014912,OpenStreetMap via Overpass API
chain,ICA,retail_grocery,auto,Maxi ICA Stormarknad Råå,Maxi ICA Stormarknad,ICA,Grocery / convenience,supermarket,,,,Landskronavägen,33,252 32,Helsingborg,Sweden,Landskronavägen 33 252 32 Helsingborg Sweden,strict,56.0022875,12.7452179,node,1540013938,OpenStreetMap via Overpass API
chain,ICA,retail_grocery,auto,ICA Nära Essingen,ICA Nära,ICA,Grocery / convenience,supermarket,,,,Disponentgatan,6,11261,Stockholm,Sweden,Disponentgatan 6 11261 Stockholm Sweden,strict,59.3249766,18.0072805,node,1550153814,OpenStreetMap via Overpass API
chain,ICA,retail_grocery,auto,ICA Mathörnan,ICA Nära,ICA,Grocery / convenience,supermarket,,,,,,,,Sweden,"59.3427718,18.0378524",coordinates_only,59.3427718,18.0378524,node,1554680014,OpenStreetMap via Overpass API
chain,ICA,retail_grocery,auto,ICA Krokom,ICA Supermarket,,Grocery / convenience,supermarket,,,,,,,,Sweden,"63.3266485,14.4508897",coordinates_only,63.3266485,14.4508897,node,1567995613,OpenStreetMap via Overpass API
chain,ICA,retail_grocery,auto,ICA Supermarket Traktören,ICA Supermarket,,Grocery / convenience,supermarket,,,,,,,,Sweden,"63.1790217,14.6381515",coordinates_only,63.1790217,14.6381515,node,1572424162,OpenStreetMap via Overpass API
chain,ICA,retail_grocery,auto,ICA Supermarket Kringlan,ICA Supermarket,,Grocery / convenience,supermarket,,,,Storgatan,4,,,Sweden,Storgatan 4 Sweden,usable,59.1959705,17.628425,node,1586342373,OpenStreetMap via Overpass API
chain,ICA,retail_grocery,auto,ICA Bengtssons,ICA Supermarket,,Grocery / convenience,supermarket,,,,,,,,Sweden,"59.3766442,17.0264666",coordinates_only,59.3766442,17.0264666,node,1586424341,OpenStreetMap via Overpass API
chain,ICA,retail_grocery,auto,ICA Supermarket Eksjö,ICA Supermarket,,Grocery / convenience,supermarket,,,,Prästgatan,4,575 31,Eksjö,Sweden,Prästgatan 4 575 31 Eksjö Sweden,strict,57.6655203,14.9766674,node,1618703382,OpenStreetMap via Overpass API
chain,ICA,retail_grocery,auto,ICA Örsundsbro,ICA Supermarket,,Grocery / convenience,supermarket,,,,,,,,Sweden,"59.7356175,17.3102272",coordinates_only,59.7356175,17.3102272,node,1638983015,OpenStreetMap via Overpass API
chain,ICA,retail_grocery,auto,ICA Supermarket Olskroken,ICA Supermarket,,Grocery / convenience,supermarket,,,,Redbergsvägen,14-16,41665,Göteborg,Sweden,Redbergsvägen 14-16 41665 Göteborg Sweden,strict,57.7149421,12.00059,node,1639994322,OpenStreetMap via Overpass API
chain,ICA,retail_grocery,auto,ICA Nära Djurgårdsgatan,ICA Nära,ICA,Grocery / convenience,supermarket,,,,Djurgårdsgatan,16,582 29,Linköping,Sweden,Djurgårdsgatan 16 582 29 Linköping Sweden,strict,58.4064932,15.6171644,node,1643025054,OpenStreetMap via Overpass API
chain,ICA,retail_grocery,auto,ICA Maxi Torslanda,Maxi ICA Stormarknad,ICA,Grocery / convenience,supermarket,,,,Gamla Flygplatsvägen,60,,,Sweden,Gamla Flygplatsvägen 60 Sweden,usable,57.7097178,11.7722174,node,1646441154,OpenStreetMap via Overpass API
chain,ICA,retail_grocery,auto,ICA Supermarket Djurås,ICA Supermarket,,Grocery / convenience,supermarket,,,,,,,,Sweden,"60.5598764,15.136639",coordinates_only,60.5598764,15.136639,node,1670684688,OpenStreetMap via Overpass API
chain,ICA,retail_grocery,auto,ICA Aspudden,ICA Nära,ica,Grocery / convenience,supermarket,,,,,,,,Sweden,"59.3061194,18.0013445",coordinates_only,59.3061194,18.0013445,node,1671342049,OpenStreetMap via Overpass API
chain,ICA,retail_grocery,auto,Maxi ICA Stormarknad Örebro Boglundsängen,Maxi ICA Stormarknad,,Grocery / convenience,supermarket,,,,Boglundsgatan,2,703 74,Örebro,Sweden,Boglundsgatan 2 703 74 Örebro Sweden,strict,59.2964063,15.2059136,node,1673665726,OpenStreetMap via Overpass API
chain,ICA,retail_grocery,auto,Ica Nära Tallkrogen,ICA Nära,,Grocery / convenience,supermarket,,,,Tallkrogsplan,96-98,,,Sweden,Tallkrogsplan 96-98 Sweden,usable,59.2713643,18.0840579,node,1674641739,OpenStreetMap via Overpass API
chain,ICA,retail_grocery,auto,Ica Nära Skogsbacken,ICA Nära,,Grocery / convenience,supermarket,,,,,,,,Sweden,"59.3680622,17.9797487",coordinates_only,59.3680622,17.9797487,node,1687047576,OpenStreetMap via Overpass API
chain,ICA,retail_grocery,auto,ICA Nära Furuviks,ICA Nära,ICA,Grocery / convenience,supermarket,,,,Råsundavägen,115,16950,Solna,Sweden,Råsundavägen 115 16950 Solna Sweden,strict,59.3648518,17.9941505,node,1696430678,OpenStreetMap via Overpass API
chain,ICA,retail_grocery,auto,ICA Supermarket Teg,ICA Supermarket,,Grocery / convenience,supermarket,,,,Verkstadsgatan,1,90432,Umeå,Sweden,Verkstadsgatan 1 90432 Umeå Sweden,strict,63.818632,20.2475943,node,1700752367,OpenStreetMap via Overpass API
chain,ICA,retail_grocery,auto,ICA Supermarket Torget,ICA Supermarket,,Grocery / convenience,supermarket,,,,,,,,Sweden,"64.7501083,20.9552526",coordinates_only,64.7501083,20.9552526,node,1704949433,OpenStreetMap via Overpass API
chain,ICA,retail_grocery,auto,Ica Supermarket Charlottenborg,ICA Supermarket,,Grocery / convenience,supermarket,,,,,,,,Sweden,"58.5409266,15.0682266",coordinates_only,58.5409266,15.0682266,node,1708009242,OpenStreetMap via Overpass API
chain,ICA,retail_grocery,auto,ICA Västerhaninge,ICA Supermarket,,Grocery / convenience,supermarket,,,,,,,,Sweden,"59.1227603,18.097232",coordinates_only,59.1227603,18.097232,node,1723307187,OpenStreetMap via Overpass API
chain,ICA,retail_grocery,auto,ICA Nära Skånsta,ICA Nära,,Grocery / convenience,supermarket,,,,,,,,Sweden,"59.4946856,18.3281189",coordinates_only,59.4946856,18.3281189,node,1731590330,OpenStreetMap via Overpass API
chain,ICA,retail_grocery,auto,Maxi ICA Stormarknad Västra Hamnen,Maxi ICA Stormarknad,,Grocery / convenience,supermarket,,,,Masttorget,12,211 77,Malmö,Sweden,Masttorget 12 211 77 Malmö Sweden,strict,55.611825,12.9801942,node,1745595579,OpenStreetMap via Overpass API
chain,ICA,retail_grocery,auto,Maxi ICA,Maxi ICA Stormarknad,,Grocery / convenience,supermarket,,,,,,,,Sweden,"58.353398,11.8087518",coordinates_only,58.353398,11.8087518,node,1760248014,OpenStreetMap via Overpass API
chain,ICA,retail_grocery,auto,ICA Supermarket Sundbyberg,ICA Supermarket,ICA,Grocery / convenience,supermarket,,,,Landsvägen,63,,,Sweden,Landsvägen 63 Sweden,usable,59.3612502,17.9662184,node,1764611424,OpenStreetMap via Overpass API
chain,ICA,retail_grocery,auto,ICA Supermarket Gnosjö,ICA Supermarket,,Grocery / convenience,supermarket,,,,,,,,Sweden,"57.3564353,13.7319473",coordinates_only,57.3564353,13.7319473,node,1768877061,OpenStreetMap via Overpass API
chain,ICA,retail_grocery,auto,Ica Nära Kristinehamn,ICA Nära,,Grocery / convenience,supermarket,,,,Djurgårdsvägen,33,681 53,Kristinehamn,Sweden,Djurgårdsvägen 33 681 53 Kristinehamn Sweden,strict,59.300319,14.0932152,node,1790564520,OpenStreetMap via Overpass API
chain,ICA,retail_grocery,auto,ICA Supermarket Arboga,ICA Supermarket,,Grocery / convenience,supermarket,,,,Ahllöfsgatan,26,73230,Arboga,Sweden,Ahllöfsgatan 26 73230 Arboga Sweden,strict,59.395429,15.8398763,node,1801549599,OpenStreetMap via Overpass API
chain,ICA,retail_grocery,auto,ICA Kvantum,ICA Kvantum,,Grocery / convenience,supermarket,,,,,,,,Sweden,"59.730285,17.787135",coordinates_only,59.730285,17.787135,node,1817773505,OpenStreetMap via Overpass API
chain,ICA,retail_grocery,auto,ICA Nära Balsjö handel,ICA Nära,,Grocery / convenience,supermarket,,,,,,,,Sweden,"63.9253767,19.0571764",coordinates_only,63.9253767,19.0571764,node,1827373965,OpenStreetMap via Overpass API
chain,ICA,retail_grocery,auto,ICA Maxi Nynäshamn,Maxi ICA Stormarknad,ICA,Grocery / convenience,supermarket,,,,Telivägen,2,14941,Nynäshamn,Sweden,Telivägen 2 14941 Nynäshamn Sweden,strict,58.9128704,17.9560601,node,1832548230,OpenStreetMap via Overpass API
chain,ICA,retail_grocery,auto,ICA Fjällboden,ICA Nära,,Grocery / convenience,supermarket,,,,Blå Vägen,35,920 66,Hemavan,Sweden,Blå Vägen 35 920 66 Hemavan Sweden,strict,65.8190247,15.0845722,node,1835362471,OpenStreetMap via Overpass API
chain,ICA,retail_grocery,auto,Ica Skeppet,ICA Supermarket,,Grocery / convenience,supermarket,,,,,,,Kungshamn,Sweden,Kungshamn Sweden,usable,58.3600469,11.2488903,node,1844353503,OpenStreetMap via Overpass API
chain,ICA,retail_grocery,auto,ICA Supermarket Matkassen,ICA Supermarket,,Grocery / convenience,supermarket,,,,,,,,Sweden,"59.6145725,16.2282758",coordinates_only,59.6145725,16.2282758,node,1851995311,OpenStreetMap via Overpass API
chain,ICA,retail_grocery,auto,ICA Supermarket,ICA Supermarket,ICA,Grocery / convenience,supermarket,,,,,,,,Sweden,"60.2817532,15.9947018",coordinates_only,60.2817532,15.9947018,node,1853892057,OpenStreetMap via Overpass API
chain,ICA,retail_grocery,auto,ICA Toppen,ICA Nära,ICA,Grocery / convenience,supermarket,,,,,,,,Sweden,"57.6796999,11.9316418",coordinates_only,57.6796999,11.9316418,node,1854233452,OpenStreetMap via Overpass API
chain,ICA,retail_grocery,auto,ICA Supermarket Cityhallen Växjö,ICA Supermarket,ICA,Grocery / convenience,supermarket,Kontantuttag,,,Sandgärdsgatan,8,352 30,Växjö,Sweden,Sandgärdsgatan 8 352 30 Växjö Sweden,strict,56.8778765,14.8072052,node,1863018995,OpenStreetMap via Overpass API
chain,ICA,retail_grocery,auto,ICA Supermarket,ICA Supermarket,,Grocery / convenience,supermarket,,,,,,,,Sweden,"57.4987687,14.1488181",coordinates_only,57.4987687,14.1488181,node,1863087988,OpenStreetMap via Overpass API
chain,ICA,retail_grocery,auto,ICA Supermarket,ICA Supermarket,,Grocery / convenience,supermarket,,,,,,,,Sweden,"58.586221,16.1908288",coordinates_only,58.586221,16.1908288,node,1863265187,OpenStreetMap via Overpass API
chain,ICA,retail_grocery,auto,Ica Nära Södermalm,ICA Nära,,Grocery / convenience,supermarket,,,,,,,,Sweden,"64.5876002,18.6632579",coordinates_only,64.5876002,18.6632579,node,1864950332,OpenStreetMap via Overpass API
chain,ICA,retail_grocery,auto,ICA Kvantum Hovås,ICA Kvantum,,Grocery / convenience,supermarket,,,,,,,,Sweden,"57.5989282,11.9532896",coordinates_only,57.5989282,11.9532896,node,1874850016,OpenStreetMap via Overpass API
chain,ICA,retail_grocery,auto,ICA Supermarket Färila,ICA Supermarket,,Grocery / convenience,supermarket,,,,Härjedalsvägen,166,82762,Färila,Sweden,Härjedalsvägen 166 82762 Färila Sweden,strict,61.7989814,15.8397866,node,1885458074,OpenStreetMap via Overpass API
chain,ICA,retail_grocery,auto,ICA Nära Källa,ICA Nära,,Grocery / convenience,supermarket,,,,Wij,3,,Löttorp,Sweden,Wij 3 Löttorp Sweden,usable,57.1198128,16.9633544,node,1922079123,OpenStreetMap via Overpass API
chain,ICA,retail_grocery,auto,Ica Nära,Ica Nära,,Grocery / convenience,supermarket,,,,,,,,Sweden,"59.126949,15.1367464",coordinates_only,59.126949,15.1367464,node,1923675467,OpenStreetMap via Overpass API
chain,ICA,retail_grocery,auto,Maxi ICA Stormarknad Kumla,Maxi ICA Stormarknad,,Grocery / convenience,supermarket,,,,Köpmangatan,18,692 30,Kumla,Sweden,Köpmangatan 18 692 30 Kumla Sweden,strict,59.1262454,15.1417504,node,1924797820,OpenStreetMap via Overpass API
chain,ICA,retail_grocery,auto,ICA Nära Löddeköpinge,ICA Nära,,Grocery / convenience,supermarket,,,,,,,,Sweden,"55.7587436,13.0081224",coordinates_only,55.7587436,13.0081224,node,1963450961,OpenStreetMap via Overpass API
chain,ICA,retail_grocery,auto,ICA Supermarket Matmor,ICA Supermarket,,Grocery / convenience,supermarket,,,,Kungsgatan,30,46130,Trollhättan,Sweden,Kungsgatan 30 46130 Trollhättan Sweden,strict,58.285091,12.2922867,node,1969730884,OpenStreetMap via Overpass API
chain,ICA,retail_grocery,auto,Maxi ICA Stormarknad Härnösand,Maxi ICA Stormarknad,,Grocery / convenience,supermarket,,,,,,,,Sweden,"62.6368792,17.9287888",coordinates_only,62.6368792,17.9287888,node,1971923527,OpenStreetMap via Overpass API
chain,ICA,retail_grocery,auto,Maxi ICA Stormarknad Trollhättan,Maxi ICA Stormarknad,,Grocery / convenience,supermarket,,,,,,,,Sweden,"58.3131599,12.3037266",coordinates_only,58.3131599,12.3037266,node,1979955115,OpenStreetMap via Overpass API
chain,ICA,retail_grocery,auto,ICA Kvantum,ICA Kvantum,,Grocery / convenience,supermarket,,,,Hyllie stationsväg,,,,Sweden,Hyllie stationsväg Sweden,usable,55.564331,12.9727513,node,1985858792,OpenStreetMap via Overpass API
chain,ICA,retail_grocery,auto,ICA Supermarket Matmästarn,ICA Supermarket,,Grocery / convenience,supermarket,,,,,,,,Sweden,"63.179515,14.6509689",coordinates_only,63.179515,14.6509689,node,2004198226,OpenStreetMap via Overpass API
chain,ICA,retail_grocery,auto,ICA Kvantum,ICA Kvantum,,Grocery / convenience,supermarket,,,,,,,,Sweden,"59.8102696,17.6301139",coordinates_only,59.8102696,17.6301139,node,2008618249,OpenStreetMap via Overpass API
chain,ICA,retail_grocery,auto,ICA Supermarket Ekershallen,ICA Supermarket,,Grocery / convenience,supermarket,,,,Ekersgatan,14,70342,Örebro,Sweden,Ekersgatan 14 70342 Örebro Sweden,strict,59.2765311,15.205308,node,2014208146,OpenStreetMap via Overpass API
chain,ICA,retail_grocery,auto,ICA Supermarket Högdalen,ICA Supermarket,,Grocery / convenience,supermarket,,,,Högdalsgången,6,124 54,Bandhagen,Sweden,Högdalsgången 6 124 54 Bandhagen Sweden,strict,59.2632879,18.0431703,node,2102543039,OpenStreetMap via Overpass API
chain,ICA,retail_grocery,auto,ICA Nära Näsbydal,ICA Nära,,Grocery / convenience,supermarket,,,,,,,,Sweden,"59.4362108,18.0650803",coordinates_only,59.4362108,18.0650803,node,2137322616,OpenStreetMap via Overpass API
chain,ICA,retail_grocery,auto,ICA Supermarket City,ICA Supermarket,,Grocery / convenience,supermarket,,,,Sankt Persgatan,10,753 20,Uppsala,Sweden,Sankt Persgatan 10 753 20 Uppsala Sweden,strict,59.8602364,17.6369398,node,2151159308,OpenStreetMap via Overpass API
chain,ICA,retail_grocery,auto,ICA Supermarket Ingelstad,ICA Supermarket,ICA,Grocery / convenience,supermarket,,,,Gamla Växjövägen,38,355 71,Ingelstad,Sweden,Gamla Växjövägen 38 355 71 Ingelstad Sweden,strict,56.74665,14.9199554,node,2153539308,OpenStreetMap via Overpass API
chain,ICA,retail_grocery,auto,ICA Nära Heden,ICA Nära,,Grocery / convenience,supermarket,,,,Sten Sturegatan,16,411 39,Göteborg,Sweden,Sten Sturegatan 16 411 39 Göteborg Sweden,strict,57.7020582,11.98241,node,2157588153,OpenStreetMap via Overpass API
chain,ICA,retail_grocery,auto,ICA Kvantum,ICA Kvantum,,Grocery / convenience,supermarket,,,,Palmviksgatan,12,,,Sweden,Palmviksgatan 12 Sweden,usable,59.6571312,12.5867018,node,2271651120,OpenStreetMap via Overpass API
chain,ICA,retail_grocery,auto,ICA Nära Västerslätt,ICA Nära,,Grocery / convenience,supermarket,,,,Timotejvägen,4,90352,Umeå,Sweden,Timotejvägen 4 90352 Umeå Sweden,strict,63.836213,20.232761,node,2276093095,OpenStreetMap via Overpass API
chain,ICA,retail_grocery,auto,Ica Sätra,ICA Nära,,Grocery / convenience,supermarket,,,,,,,,Sweden,"59.285038,17.9215537",coordinates_only,59.285038,17.9215537,node,2284766640,OpenStreetMap via Overpass API
chain,ICA,retail_grocery,auto,ICA Supermarket Hovshaga,ICA Supermarket,ICA,Grocery / convenience,supermarket,,,,Pomonavägen,6,352 66,Växjö,Sweden,Pomonavägen 6 352 66 Växjö Sweden,strict,56.909373,14.7973473,node,2304215964,OpenStreetMap via Overpass API
chain,ICA,retail_grocery,auto,ICA Nära Handelsboden,ICA Nära,ICA,Grocery / convenience,supermarket,,,,Affärsvägen,6,95531,Råneå,Sweden,Affärsvägen 6 95531 Råneå Sweden,strict,65.8555574,22.2883724,node,2314441279,OpenStreetMap via Overpass API
chain,ICA,retail_grocery,auto,Ica Kvantum Haninge,ICA Kvantum,,Grocery / convenience,supermarket,,,,,,,,Sweden,"59.1721694,18.1692972",coordinates_only,59.1721694,18.1692972,node,2354110639,OpenStreetMap via Overpass API
chain,ICA,retail_grocery,auto,Maxi ICA Stormarknad Umeå,Maxi ICA Stormarknad,,Grocery / convenience,supermarket,,,,,,,,Sweden,"63.797566,20.302819",coordinates_only,63.797566,20.302819,node,2354169189,OpenStreetMap via Overpass API
chain,ICA,retail_grocery,auto,ICA Nära,ICA Nära,,Grocery / convenience,supermarket,,,,Hjalmar Lundbohmsvägen,72,98139,Kiruna,Sweden,Hjalmar Lundbohmsvägen 72 98139 Kiruna Sweden,strict,67.8607106,20.2261999,node,2356515000,OpenStreetMap via Overpass API
chain,ICA,retail_grocery,auto,ICA supermarket,ICA Supermarket,,Grocery / convenience,supermarket,,,,,,,,Sweden,"57.8974364,16.4004019",coordinates_only,57.8974364,16.4004019,node,2395052901,OpenStreetMap via Overpass API
chain,ICA,retail_grocery,auto,ICA Nära Forsen,ICA Nära,,Grocery / convenience,supermarket,,,,Forsvägen,22,,Bispgården,Sweden,Forsvägen 22 Bispgården Sweden,usable,63.028325,16.6192431,node,2396224653,OpenStreetMap via Overpass API
chain,ICA,retail_grocery,auto,ICA Nära Grangärde,ICA Nära,,Grocery / convenience,supermarket,,,,Gamla vägen,31,770 13,Grangärde,Sweden,Gamla vägen 31 770 13 Grangärde Sweden,strict,60.2623249,14.9778898,node,2402125721,OpenStreetMap via Overpass API
chain,ICA,retail_grocery,auto,ICA Supermarket,ICA Supermarket,,Grocery / convenience,supermarket,,,,,,,,Sweden,"59.2853943,18.2750867",coordinates_only,59.2853943,18.2750867,node,2406159559,OpenStreetMap via Overpass API
chain,ICA,retail_grocery,auto,ICA Supermarket Ugglebo,ICA Supermarket,,Grocery / convenience,supermarket,,,,,,,,Sweden,"60.8902536,16.7174154",coordinates_only,60.8902536,16.7174154,node,2411121022,OpenStreetMap via Overpass API
chain,ICA,retail_grocery,auto,ICA Nära Tjällmo handel,ICA Nära,,Grocery / convenience,supermarket,,,,,,,,Sweden,"58.7148783,15.3582898",coordinates_only,58.7148783,15.3582898,node,2415245584,OpenStreetMap via Overpass API
chain,ICA,retail_grocery,auto,ICA Nära Pålsboda,ICA Nära,,Grocery / convenience,supermarket,,,,,,,,Sweden,"59.0647095,15.337107",coordinates_only,59.0647095,15.337107,node,2415289356,OpenStreetMap via Overpass API
chain,ICA,retail_grocery,auto,ICA Nära Duvbo,ICA Nära,,Grocery / convenience,supermarket,,,,,,,,Sweden,"59.3677582,17.9648867",coordinates_only,59.3677582,17.9648867,node,2417324699,OpenStreetMap via Overpass API
chain,ICA,retail_grocery,auto,ICA Supermarket Hjällbo,ICA Supermarket,,Grocery / convenience,supermarket,,,,,,,,Sweden,"57.7690436,12.0204218",coordinates_only,57.7690436,12.0204218,node,2435079203,OpenStreetMap via Overpass API
chain,ICA,retail_grocery,auto,ICA Nära Edane,ICA Nära,,Grocery / convenience,supermarket,,,,Stiftelsehuset,,,Edane,Sweden,Stiftelsehuset Edane Sweden,usable,59.6289261,12.8262882,node,2444468460,OpenStreetMap via Overpass API
chain,ICA,retail_grocery,auto,ICA Kvantum Värtan,ICA Kvantum,,Grocery / convenience,supermarket,,,,,,,,Sweden,"59.347186,18.1132634",coordinates_only,59.347186,18.1132634,node,2463808318,OpenStreetMap via Overpass API
chain,ICA,retail_grocery,auto,ICA Nära Perssons livs,ICA Nära,,Grocery / convenience,supermarket,,,,,,,,Sweden,"55.3928592,13.3742878",coordinates_only,55.3928592,13.3742878,node,2498559620,OpenStreetMap via Overpass API
chain,ICA,retail_grocery,auto,ICA Supermarket Olssons,ICA Supermarket,ICA,Grocery / convenience,supermarket,,,,Dalgatan,81,796 30,Älvdalen,Sweden,Dalgatan 81 796 30 Älvdalen Sweden,strict,61.2296543,14.0364556,node,2597112660,OpenStreetMap via Overpass API
chain,ICA,retail_grocery,auto,Ica Supermarket,ICA Supermarket,,Grocery / convenience,supermarket,,,,,,,,Sweden,"65.6414441,22.0145421",coordinates_only,65.6414441,22.0145421,node,2600989455,OpenStreetMap via Overpass API
chain,ICA,retail_grocery,auto,ICA Supermarket City,ICA Supermarket,,Grocery / convenience,supermarket,,,,,,,,Sweden,"59.268728,15.2100731",coordinates_only,59.268728,15.2100731,node,2672151667,OpenStreetMap via Overpass API
chain,ICA,retail_grocery,auto,ICA Supermarket Herrljunga,ICA Supermarket,,Grocery / convenience,supermarket,,,,Magasinsgatan,6,52430,Herrljunga,Sweden,Magasinsgatan 6 52430 Herrljunga Sweden,strict,58.0782875,13.0272736,node,2695288303,OpenStreetMap via Overpass API
chain,ICA,retail_grocery,auto,ICA Nära,ICA Nära,,Grocery / convenience,supermarket,,,,Bandhagsplan,5,124 34,Bandhagen,Sweden,Bandhagsplan 5 124 34 Bandhagen Sweden,strict,59.2700049,18.0490861,node,2723624806,OpenStreetMap via Overpass API
chain,ICA,retail_grocery,auto,Ica Nära Harlösa,ICA Nära,,Grocery / convenience,supermarket,,,,Gårdstångavägen,4,24165,Harlösa,Sweden,Gårdstångavägen 4 24165 Harlösa Sweden,strict,55.7165432,13.5280807,node,2758361803,OpenStreetMap via Overpass API
chain,ICA,retail_grocery,auto,ICA Nära Stabby,ICA Nära,,Grocery / convenience,supermarket,,,,Hällbygatan,27,,Uppsala,Sweden,Hällbygatan 27 Uppsala Sweden,usable,59.8659117,17.6080257,node,2796349924,OpenStreetMap via Overpass API
chain,ICA,retail_grocery,auto,ICA Supermarket Sjöstaden,ICA Supermarket,,Grocery / convenience,supermarket,,,,Hammarby Allé,49,120 30,Stockholm,Sweden,Hammarby Allé 49 120 30 Stockholm Sweden,strict,59.3029946,18.0883676,node,2815016755,OpenStreetMap via Overpass API
chain,ICA,retail_grocery,auto,ICA Kvantum Malmborgs Caroli,ICA Kvantum,,Grocery / convenience,supermarket,,,,Stora Kvarngatan,59,21127,Malmö,Sweden,Stora Kvarngatan 59 21127 Malmö Sweden,strict,55.6062325,13.0078761,node,2836403400,OpenStreetMap via Overpass API
chain,ICA,retail_grocery,auto,Maxi ICA Stormarknad Alingsås,Maxi ICA Stormarknad,,Grocery / convenience,supermarket,,,,,,,,Sweden,"57.9244128,12.5449399",coordinates_only,57.9244128,12.5449399,node,2843036385,OpenStreetMap via Overpass API
chain,ICA,retail_grocery,auto,ICA Supermarket Sylte,ICA Supermarket,,Grocery / convenience,supermarket,,,,Sylte Center,,46167,Trollhättan,Sweden,Sylte Center 46167 Trollhättan Sweden,usable,58.2545049,12.277732,node,2945994578,OpenStreetMap via Overpass API
chain,ICA,retail_grocery,auto,ICA Bergby,ICA Nära,ICA,Grocery / convenience,supermarket,,,,Vijvägen,38,817 40,Bergby,Sweden,Vijvägen 38 817 40 Bergby Sweden,strict,60.9292624,17.0411486,node,2955174890,OpenStreetMap via Overpass API
chain,ICA,retail_grocery,auto,ICA Supermarket Kisa,ICA Supermarket,,Grocery / convenience,supermarket,,,,,,,,Sweden,"57.9870074,15.6323452",coordinates_only,57.9870074,15.6323452,node,2960104042,OpenStreetMap via Overpass API
chain,ICA,retail_grocery,auto,ICA Nära Klinta,ICA Nära,,Grocery / convenience,supermarket,,,,Köpingevägen,24,387 50,Köpingsvik,Sweden,Köpingevägen 24 387 50 Köpingsvik Sweden,strict,56.8801862,16.7217091,node,2982403297,OpenStreetMap via Overpass API
chain,ICA,retail_grocery,auto,ICA Nära Vemdalsskalet,ICA Nära,ica,Grocery / convenience,supermarket,,,,Vemdalsskalet Nya Landsvägen,40b,84092,Vemdalen,Sweden,Vemdalsskalet Nya Landsvägen 40b 84092 Vemdalen Sweden,strict,62.4828915,13.9727931,node,2997098161,OpenStreetMap via Overpass API
chain,ICA,retail_grocery,auto,ICA Nära Dockstahallen,ICA Nära,,Grocery / convenience,supermarket,,,,,,,,Sweden,"63.0542109,18.3265315",coordinates_only,63.0542109,18.3265315,node,2998903419,OpenStreetMap via Overpass API
chain,ICA,retail_grocery,auto,ICA Nära Allans Livs,ICA Nära,ICA,Grocery / convenience,supermarket,,,,Tingshusvägen,6,388 91,Vassmolösa,Sweden,Tingshusvägen 6 388 91 Vassmolösa Sweden,strict,56.5933845,16.1538329,node,3003703017,OpenStreetMap via Overpass API
chain,ICA,retail_grocery,auto,ICA Kvantum Farsta,ICA Kvantum,,Grocery / convenience,supermarket,,,,Storöplan,2,12347,Farsta,Sweden,Storöplan 2 12347 Farsta Sweden,strict,59.2422164,18.0892246,node,3052572024,OpenStreetMap via Overpass API
chain,ICA,retail_grocery,auto,ICA Nära,ICA Nära,,Grocery / convenience,supermarket,,,,,,,,Sweden,"57.166212,16.0258939",coordinates_only,57.166212,16.0258939,node,3063848782,OpenStreetMap via Overpass API
chain,ICA,retail_grocery,auto,ICA Kvantum Malmborgs Mobilia,ICA Kvantum,,Grocery / convenience,supermarket,,,,Per Albin Hanssons väg,40,214 32,Malmö,Sweden,Per Albin Hanssons väg 40 214 32 Malmö Sweden,strict,55.5799059,13.0046755,node,3139894499,OpenStreetMap via Overpass API
chain,ICA,retail_grocery,auto,ICA,ICA Supermarket,,Grocery / convenience,supermarket,,,,Skomakargatan,9,972 33,Luleå,Sweden,Skomakargatan 9 972 33 Luleå Sweden,strict,65.5828134,22.1545267,node,3151249821,OpenStreetMap via Overpass API
chain,ICA,retail_grocery,auto,ICA Supermarket Malung,ICA Supermarket,,Grocery / convenience,supermarket,,,,,,,,Sweden,"60.6834373,13.7120269",coordinates_only,60.6834373,13.7120269,node,3191385968,OpenStreetMap via Overpass API
chain,ICA,retail_grocery,auto,ICA Supermarket Boström,ICA Supermarket,,Grocery / convenience,supermarket,,,,,,,,Sweden,"58.1370577,12.1279052",coordinates_only,58.1370577,12.1279052,node,3195220505,OpenStreetMap via Overpass API
chain,ICA,retail_grocery,auto,Ica Björnrike,ICA Nära,Ica,Grocery / convenience,supermarket,,,,,,,,Sweden,"62.4231936,13.9546214",coordinates_only,62.4231936,13.9546214,node,3256522107,OpenStreetMap via Overpass API
chain,ICA,retail_grocery,auto,ICA Supermarket,ICA Supermarket,,Grocery / convenience,supermarket,,,,Dr. Barks gata,2,87230,Kramfors,Sweden,Dr. Barks gata 2 87230 Kramfors Sweden,strict,62.9325929,17.7822731,node,3259419965,OpenStreetMap via Overpass API
chain,ICA,retail_grocery,auto,ICA Supermarket Hertsötorget,ICA Supermarket,Centrum Livs i Luleå AB,Grocery / convenience,supermarket,,,,Hertsötorget,20,97452,Luleå,Sweden,Hertsötorget 20 97452 Luleå Sweden,strict,65.5896581,22.2422801,node,3290693765,OpenStreetMap via Overpass API
chain,ICA,retail_grocery,auto,ICA Kvantum Karlssons,ICA Kvantum,,Grocery / convenience,supermarket,,,,,,,,Sweden,"55.5065149,13.233914",coordinates_only,55.5065149,13.233914,node,3298549067,OpenStreetMap via Overpass API
chain,ICA,retail_grocery,auto,ICA Supermarket,ICA Supermarket,,Grocery / convenience,supermarket,,,,,,,,Sweden,"59.3933372,12.1321858",coordinates_only,59.3933372,12.1321858,node,3321114127,OpenStreetMap via Overpass API
chain,ICA,retail_grocery,auto,ICA nära Lungers handel,ICA Nära,,Grocery / convenience,supermarket,,,,N:a Lunger,,,Arboga,Sweden,N:a Lunger Arboga Sweden,usable,59.3270777,15.6805644,node,3326553216,OpenStreetMap via Overpass API
chain,ICA,retail_grocery,auto,ICA Svärdsjö,ICA Supermarket,,Grocery / convenience,supermarket,,,,Centrumvägen,2,79023,Svärdsjö,Sweden,Centrumvägen 2 79023 Svärdsjö Sweden,strict,60.7415599,15.904715,node,3338746516,OpenStreetMap via Overpass API
chain,ICA,retail_grocery,auto,Maxi ICA Stormarknad Haninge,Maxi ICA Stormarknad,,Grocery / convenience,supermarket,,,,,,,,Sweden,"59.1813721,18.1576055",coordinates_only,59.1813721,18.1576055,node,3350546423,OpenStreetMap via Overpass API
chain,ICA,retail_grocery,auto,Ica nära Norrmalm,ICA Nära,,Grocery / convenience,supermarket,,,,,,,,Sweden,"64.5977012,18.7039696",coordinates_only,64.5977012,18.7039696,node,3388301600,OpenStreetMap via Overpass API
chain,ICA,retail_grocery,auto,ICA Nära Linnégatan,ICA Nära,,Grocery / convenience,supermarket,,,,Linnégatan,41,41308,Göteborg,Sweden,Linnégatan 41 41308 Göteborg Sweden,strict,57.6942154,11.9518099,node,3390626987,OpenStreetMap via Overpass API
chain,ICA,retail_grocery,auto,ICA Supermarket Bellevuegården,ICA Supermarket,,Grocery / convenience,supermarket,,,,Svansjögatan,3,21766,Malmö,Sweden,Svansjögatan 3 21766 Malmö Sweden,strict,55.5807856,12.9762056,node,3440575124,OpenStreetMap via Overpass API
chain,ICA,retail_grocery,auto,ICA Nära,ICA Nära,ICA,Grocery / convenience,supermarket,,,,Amiralsgatan,96,21437,Malmö,Sweden,Amiralsgatan 96 21437 Malmö Sweden,strict,55.5906388,13.0275984,node,3486091607,OpenStreetMap via Overpass API
chain,ICA,retail_grocery,auto,Ica Nära Älvsjö,ICA Nära,,Grocery / convenience,supermarket,,,,Svartlösavägen,181,12556,Älvsjö,Sweden,Svartlösavägen 181 12556 Älvsjö Sweden,strict,59.2726121,17.9779185,node,3613053920,OpenStreetMap via Overpass API
chain,ICA,retail_grocery,auto,ICA Nära Mathuset,ICA Nära,,Grocery / convenience,supermarket,,,,,,,,Sweden,"55.6537847,13.1121289",coordinates_only,55.6537847,13.1121289,node,3625639563,OpenStreetMap via Overpass API
chain,ICA,retail_grocery,auto,ICA Nära Annedal,ICA Nära,ICA,Grocery / convenience,supermarket,,,,,,,,Sweden,"59.3610384,17.9490899",coordinates_only,59.3610384,17.9490899,node,3648954848,OpenStreetMap via Overpass API
chain,ICA,retail_grocery,auto,ICA Nära Hyssna,ICA Nära,ICA,Grocery / convenience,supermarket,,,,Göteborgsvägen,102,51168,Hyssna,Sweden,Göteborgsvägen 102 51168 Hyssna Sweden,strict,57.5494384,12.5318448,node,3662272789,OpenStreetMap via Overpass API
chain,ICA,retail_grocery,auto,ICA Supermarket,ICA Supermarket,,Grocery / convenience,supermarket,,,,,,,,Sweden,"59.2177839,18.1531992",coordinates_only,59.2177839,18.1531992,node,3696210530,OpenStreetMap via Overpass API
chain,ICA,retail_grocery,auto,ICA Nära Långsele,ICA Nära,,Grocery / convenience,supermarket,,,,Hamrevägen,4,,Långsele,Sweden,Hamrevägen 4 Långsele Sweden,usable,63.1777933,17.0655026,node,3713795849,OpenStreetMap via Overpass API
chain,ICA,retail_grocery,auto,ICA Nära Limhamn,ICA Nära,ICA,Grocery / convenience,supermarket,,,,Västra Bernadottesgatan,8,216 12,,Sweden,Västra Bernadottesgatan 8 216 12 Sweden,usable,55.5820772,12.9217197,node,3777446769,OpenStreetMap via Overpass API
chain,ICA,retail_grocery,auto,Maxi ICA Stornarknad Välsviken,Maxi ICA Stormarknad,ICA,Grocery / convenience,supermarket,,,,Rävbergsvägen,2,,,Sweden,Rävbergsvägen 2 Sweden,usable,59.3963563,13.5807351,node,3785981490,OpenStreetMap via Overpass API
chain,ICA,retail_grocery,auto,ICA Nära,ICA Nära,ICA,Grocery / convenience,supermarket,,,,,,,,Sweden,"55.5622055,12.9893805",coordinates_only,55.5622055,12.9893805,node,3786483532,OpenStreetMap via Overpass API
chain,ICA,retail_grocery,auto,Ica Nära Trångsund,ICA Nära,ica,Grocery / convenience,supermarket,,,,,,,,Sweden,"59.2280519,18.1311823",coordinates_only,59.2280519,18.1311823,node,3811784554,OpenStreetMap via Overpass API
chain,ICA,retail_grocery,auto,ICA Nära Åkanten,ICA Nära,ICA,Grocery / convenience,supermarket,,,,,,,,Sweden,"57.927417,12.5359711",coordinates_only,57.927417,12.5359711,node,3823754768,OpenStreetMap via Overpass API
chain,ICA,retail_grocery,auto,ICA Supermarket Slätta,ICA Supermarket,,Grocery / convenience,supermarket,,,,,,,,Sweden,"60.6205858,15.5967908",coordinates_only,60.6205858,15.5967908,node,3859858942,OpenStreetMap via Overpass API
chain,ICA,retail_grocery,auto,ICA Nära Möre Livs,ICA Nära,ICA,Grocery / convenience,supermarket,,,,Ekesvägen,16,385 51,Söderåkra,Sweden,Ekesvägen 16 385 51 Söderåkra Sweden,strict,56.4503254,16.0706281,node,3926804463,OpenStreetMap via Overpass API
chain,ICA,retail_grocery,auto,ICA Supermarket,ICA Supermarket,ICA,Grocery / convenience,supermarket,,,,,,,,Sweden,"58.5751494,15.9381002",coordinates_only,58.5751494,15.9381002,node,3942418537,OpenStreetMap via Overpass API
chain,ICA,retail_grocery,auto,ICA Nära Lenhovda,ICA Nära,,Grocery / convenience,supermarket,,,,Storgatan,51,36073,Lenhovda,Sweden,Storgatan 51 36073 Lenhovda Sweden,strict,56.9945743,15.28732,node,3993639078,OpenStreetMap via Overpass API
chain,ICA,retail_grocery,auto,ICA Nära Bara,ICA Nära,,Grocery / convenience,supermarket,,,,,,,,Sweden,"55.5785744,13.1757224",coordinates_only,55.5785744,13.1757224,node,3997132060,OpenStreetMap via Overpass API
chain,ICA,retail_grocery,auto,ICA Supermarket,ICA Supermarket,,Grocery / convenience,supermarket,,,,Vattengatan,2,,Ängelholm,Sweden,Vattengatan 2 Ängelholm Sweden,usable,56.2452488,12.8626549,node,4017758203,OpenStreetMap via Overpass API
chain,ICA,retail_grocery,auto,ICA Kvantum Mall of Scandinavia,ICA Kvantum,,Grocery / convenience,supermarket,,,,,,,,Sweden,"59.3697374,18.0049901",coordinates_only,59.3697374,18.0049901,node,4027968597,OpenStreetMap via Overpass API
chain,ICA,retail_grocery,auto,ICA Supermarket Sollebrunn,ICA Supermarket,,Grocery / convenience,supermarket,,,,Trollhättevägen,6,441 70,Sollebrunn,Sweden,Trollhättevägen 6 441 70 Sollebrunn Sweden,strict,58.1199724,12.5319943,node,4042079247,OpenStreetMap via Overpass API
chain,ICA,retail_grocery,auto,ICA Nära Blattnicksele,ICA Nära,ICA,Grocery / convenience,supermarket,,,,Strandvägen,13,,Blattnicksele,Sweden,Strandvägen 13 Blattnicksele Sweden,usable,65.34219,17.58615,node,4087214235,OpenStreetMap via Overpass API
chain,ICA,retail_grocery,auto,ICA Nära Finnboda,ICA Nära,ICA,Grocery / convenience,supermarket,,,,Finnboda Varvsväg,12,131 72,Nacka,Sweden,Finnboda Varvsväg 12 131 72 Nacka Sweden,strict,59.3147857,18.1237938,node,4087736666,OpenStreetMap via Overpass API
chain,ICA,retail_grocery,auto,ICA Nära Ynglingagatan,ICA Nära,ICA,Grocery / convenience,supermarket,,,,,,,,Sweden,"59.3490682,18.046845",coordinates_only,59.3490682,18.046845,node,4122527772,OpenStreetMap via Overpass API
chain,ICA,retail_grocery,auto,ICA Nära Blomqvists,ICA Nära,ICA,Grocery / convenience,supermarket,,,,Överboda,102,,Umeå,Sweden,Överboda 102 Umeå Sweden,usable,63.8513995,19.9261663,node,4248909288,OpenStreetMap via Overpass API
chain,ICA,retail_grocery,auto,ICA Supermarket Munkfors,ICA Supermarket,,Grocery / convenience,supermarket,,,,Torget,,68430,Munkfors,Sweden,Torget 68430 Munkfors Sweden,usable,59.8349413,13.5454455,node,4250171401,OpenStreetMap via Overpass API
chain,ICA,retail_grocery,auto,ICA Supermarket Hagahallen,ICA Supermarket,Hagahallen i Karlstad AB,Grocery / convenience,supermarket,,,,,,,,Sweden,"59.3819527,13.5128086",coordinates_only,59.3819527,13.5128086,node,4280108814,OpenStreetMap via Overpass API
chain,ICA,retail_grocery,auto,ICA Supermarket Torghallen,ICA Supermarket,,Grocery / convenience,supermarket,,,,,,,,Sweden,"56.5128119,13.0430525",coordinates_only,56.5128119,13.0430525,node,4303105744,OpenStreetMap via Overpass API
chain,ICA,retail_grocery,auto,ICA Nära Dackehallen,ICA Nära,ICA,Grocery / convenience,supermarket,,,,Storgatan,12,34250,VISLANDA,Sweden,Storgatan 12 34250 VISLANDA Sweden,strict,56.7872485,14.4510138,node,4359267116,OpenStreetMap via Overpass API
chain,ICA,retail_grocery,auto,ICA nära Lidhult,ICA Nära,,Grocery / convenience,supermarket,,,,,,,,Sweden,"56.8268299,13.4379658",coordinates_only,56.8268299,13.4379658,node,4361570105,OpenStreetMap via Overpass API
chain,ICA,retail_grocery,auto,ICA Nära Lorensborg,ICA Nära,,Grocery / convenience,supermarket,,,,Hallingsgatan,,,,Sweden,Hallingsgatan Sweden,usable,55.5863181,12.9826643,node,4370635844,OpenStreetMap via Overpass API
chain,ICA,retail_grocery,auto,ICA Nära Frykenhallen,ICA Nära,,Grocery / convenience,supermarket,,,,,,,,Sweden,"60.1358526,13.0080523",coordinates_only,60.1358526,13.0080523,node,4377383867,OpenStreetMap via Overpass API
chain,ICA,retail_grocery,auto,ICA Nära Kvillebäcken,ICA Nära,,Grocery / convenience,supermarket,,,,,,,,Sweden,"57.720917,11.9467094",coordinates_only,57.720917,11.9467094,node,4407984745,OpenStreetMap via Overpass API
chain,ICA,retail_grocery,auto,ICA ToGo Önnestad,,ICA,Grocery / convenience,supermarket,Dagligvaror,,,Skolgatan,16,291 73,Önnestad,Sweden,Skolgatan 16 291 73 Önnestad Sweden,strict,56.0536067,14.0231015,node,4408125930,OpenStreetMap via Overpass API
chain,ICA,retail_grocery,auto,ICA Supermarket Bjärred,ICA Supermarket,,Grocery / convenience,supermarket,,,,,,,,Sweden,"55.7224574,13.0263095",coordinates_only,55.7224574,13.0263095,node,4429530661,OpenStreetMap via Overpass API
chain,ICA,retail_grocery,auto,ICA Ljungdalen,ICA Nära,,Grocery / convenience,supermarket,,,,,,,,Sweden,"62.85267,12.790342",coordinates_only,62.85267,12.790342,node,4504187393,OpenStreetMap via Overpass API
chain,ICA,retail_grocery,auto,ICA Supermarket Älgen,ICA Supermarket,,Grocery / convenience,supermarket,,,,,,,,Sweden,"58.3558072,12.3897157",coordinates_only,58.3558072,12.3897157,node,4505090195,OpenStreetMap via Overpass API
chain,ICA,retail_grocery,auto,ICA Kvantum Mariehem,ICA Kvantum,,Grocery / convenience,supermarket,,,,Mariehemsvägen,16,906 54,Umeå,Sweden,Mariehemsvägen 16 906 54 Umeå Sweden,strict,63.8318061,20.3294376,node,4535085911,OpenStreetMap via Overpass API
chain,ICA,retail_grocery,auto,ICA Nära,ICA Nära,,Grocery / convenience,supermarket,,,,,,,,Sweden,"56.1587717,13.5999563",coordinates_only,56.1587717,13.5999563,node,4549500952,OpenStreetMap via Overpass API
chain,ICA,retail_grocery,auto,ICA Kvantum Uddevalla,ICA Kvantum,,Grocery / convenience,supermarket,,,,,,,,Sweden,"58.3432774,11.9227925",coordinates_only,58.3432774,11.9227925,node,4587330945,OpenStreetMap via Overpass API
chain,ICA,retail_grocery,auto,ICA Nära Väckelsång,ICA Nära,ICA,Grocery / convenience,supermarket,,,,,,,,Sweden,"56.6382641,14.9204428",coordinates_only,56.6382641,14.9204428,node,4587906361,OpenStreetMap via Overpass API
chain,ICA,retail_grocery,auto,Maxi ICA Stormarknad Flemingsberg,Maxi ICA Stormarknad,,Grocery / convenience,supermarket,,,,Ebba Bååts torg,40,141 51,Huddinge,Sweden,Ebba Bååts torg 40 141 51 Huddinge Sweden,strict,59.2185844,17.9488026,node,4616665702,OpenStreetMap via Overpass API
chain,ICA,retail_grocery,auto,ICA Supermarket Ektorp,ICA Supermarket,,Grocery / convenience,supermarket,,,,Gamla Landsvägen,10,131 47,Nacka,Sweden,Gamla Landsvägen 10 131 47 Nacka Sweden,strict,59.3118209,18.2031162,node,4666232729,OpenStreetMap via Overpass API
chain,ICA,retail_grocery,auto,ICA Supermarket Värnhem,ICA Supermarket,Matbutiken i Värnhem AB,Grocery / convenience,supermarket,,,,Östra Förstadsgatan,50,212 12,Malmö,Sweden,Östra Förstadsgatan 50 212 12 Malmö Sweden,strict,55.6063096,13.0222446,node,4708097474,OpenStreetMap via Overpass API
chain,ICA,retail_grocery,auto,Maxi ICA Stormarknad Ljungby,Maxi ICA Stormarknad,,Grocery / convenience,supermarket,post_office,,,,,,,Sweden,"56.8346418,13.9441564",coordinates_only,56.8346418,13.9441564,node,4725936849,OpenStreetMap via Overpass API
chain,ICA,retail_grocery,auto,ICA Kronhallen,ICA Kvantum,ICA,Grocery / convenience,supermarket,,,,Östra Storgatan,19,61134,Nyköping,Sweden,Östra Storgatan 19 61134 Nyköping Sweden,strict,58.7548849,17.0162372,node,4736393287,OpenStreetMap via Overpass API
chain,ICA,retail_grocery,auto,ICA Nära Viltspecialisten,ICA Nära,,Grocery / convenience,supermarket,,,,Östra Storgatan,31,28276,Hästveda,Sweden,Östra Storgatan 31 28276 Hästveda Sweden,strict,56.2887745,13.9364767,node,4770796233,OpenStreetMap via Overpass API
chain,ICA,retail_grocery,auto,ICA Supermarket Hansa,ICA Supermarket,,Grocery / convenience,supermarket,,,,,,,,Sweden,"55.6034004,13.0036916",coordinates_only,55.6034004,13.0036916,node,4788911621,OpenStreetMap via Overpass API
chain,ICA,retail_grocery,auto,ICA Nära Wictors i Veinge,ICA Nära,,Grocery / convenience,supermarket,,,,,,,,Sweden,"56.5533895,13.0768239",coordinates_only,56.5533895,13.0768239,node,4811991012,OpenStreetMap via Overpass API
chain,ICA,retail_grocery,auto,Ica Supermarket Fisksätra,ICA Supermarket,,Grocery / convenience,supermarket,,,,,,,,Sweden,"59.2934314,18.2572314",coordinates_only,59.2934314,18.2572314,node,4823388711,OpenStreetMap via Overpass API
chain,ICA,retail_grocery,auto,ICA Kvantum Munken,ICA Kvantum,,Grocery / convenience,supermarket,,,,Skaraborgsgatan,28,532 24,Skara,Sweden,Skaraborgsgatan 28 532 24 Skara Sweden,strict,58.383956,13.4373707,node,4909584647,OpenStreetMap via Overpass API
chain,ICA,retail_grocery,auto,ICA Nära Danielssons,ICA Nära,,Grocery / convenience,supermarket,,,,,,,,Sweden,"57.2035563,13.2846573",coordinates_only,57.2035563,13.2846573,node,4933719205,OpenStreetMap via Overpass API
chain,ICA,retail_grocery,auto,Maxi ICA Stormarknad Högsbo,Maxi ICA Stormarknad,,Grocery / convenience,supermarket,,,,,,42132,,Sweden,42132 Sweden,usable,57.651001,11.9494344,node,5060861816,OpenStreetMap via Overpass API
chain,ICA,retail_grocery,auto,Ica Nära,ICA Nära,ICA,Grocery / convenience,supermarket,,,,,,,,Sweden,"59.3321058,18.0629243",coordinates_only,59.3321058,18.0629243,node,5077285330,OpenStreetMap via Overpass API
chain,ICA,retail_grocery,auto,ICA Nära Påryd,ICA Nära,ICA,Grocery / convenience,supermarket,,,,Pårydsgatan,40,388 50,Påryd,Sweden,Pårydsgatan 40 388 50 Påryd Sweden,strict,56.5691348,15.9231737,node,5120386429,OpenStreetMap via Overpass API
chain,ICA,retail_grocery,auto,ICA Nära Årstadal,ICA Nära,ICA,Grocery / convenience,supermarket,,,,,,,,Sweden,"59.3059912,18.0251194",coordinates_only,59.3059912,18.0251194,node,5158570559,OpenStreetMap via Overpass API
chain,ICA,retail_grocery,auto,ICA Supermarket,ICA Supermarket,,Grocery / convenience,supermarket,,,,,,,,Sweden,"58.2010279,15.9986767",coordinates_only,58.2010279,15.9986767,node,5178653849,OpenStreetMap via Overpass API
chain,ICA,retail_grocery,auto,Maxi ICA Stormarknad Barkarbystaden,Maxi ICA Stormarknad,,Grocery / convenience,supermarket,,,,Majorsvägen,4,17744,Järfälla,Sweden,Majorsvägen 4 17744 Järfälla Sweden,strict,59.4138518,17.8634809,node,5280103753,OpenStreetMap via Overpass API
chain,ICA,retail_grocery,auto,ICA Supermarket Höör,ICA Supermarket,,Grocery / convenience,supermarket,,,,Friluftsvägen,14,243 30,,Sweden,Friluftsvägen 14 243 30 Sweden,usable,55.9378232,13.5495334,node,5308353581,OpenStreetMap via Overpass API
chain,ICA,retail_grocery,auto,Maxi ICA Stormarknad Partille,Maxi ICA Stormarknad,,Grocery / convenience,supermarket,,,,,,,,Sweden,"57.736909,12.1056635",coordinates_only,57.736909,12.1056635,node,5310468103,OpenStreetMap via Overpass API
chain,ICA,retail_grocery,auto,ICA Supermarket Rotebro,ICA Supermarket,,Grocery / convenience,supermarket,,,,Bollstanäsvägen,1,19278,Sollentuna,Sweden,Bollstanäsvägen 1 19278 Sollentuna Sweden,strict,59.4848465,17.917121,node,5359969740,OpenStreetMap via Overpass API
chain,ICA,retail_grocery,auto,ICA Supermarket,ICA Supermarket,,Grocery / convenience,supermarket,,,,,,,,Sweden,"56.080978,12.7050769",coordinates_only,56.080978,12.7050769,node,5520988600,OpenStreetMap via Overpass API
chain,ICA,retail_grocery,auto,Ica Supermarket Storgatan,ICA Supermarket,,Grocery / convenience,supermarket,,,,Storgatan,24,582 23,Linköping,Sweden,Storgatan 24 582 23 Linköping Sweden,strict,58.411171,15.6270333,node,5550520621,OpenStreetMap via Overpass API
chain,ICA,retail_grocery,auto,ICA nära,ICA Nära,,Grocery / convenience,supermarket,,,,Tingsgatan,5,81230,Storvik,Sweden,Tingsgatan 5 81230 Storvik Sweden,strict,60.58316,16.5309395,node,5581330285,OpenStreetMap via Overpass API
chain,ICA,retail_grocery,auto,ICA Supermarket Telefonplan,ICA Supermarket,,Grocery / convenience,supermarket,,,,Tellusborgsvägen,87,,,Sweden,Tellusborgsvägen 87 Sweden,usable,59.2966808,18.0014892,node,5644743540,OpenStreetMap via Overpass API
chain,ICA,retail_grocery,auto,ICA Kvantum Teleborg,ICA Kvantum,ICA Banken,Grocery / convenience,supermarket,,,,Framtidsvägen,5,352 22,Växjö,Sweden,Framtidsvägen 5 352 22 Växjö Sweden,strict,56.8573931,14.8225253,node,5770187253,OpenStreetMap via Overpass API
chain,ICA,retail_grocery,auto,ICA Supermarket Grevie,ICA Supermarket,,Grocery / convenience,supermarket,,,,Grusåsvägen,2,26962,Grevie,Sweden,Grusåsvägen 2 26962 Grevie Sweden,strict,56.3888738,12.7741519,node,5770640748,OpenStreetMap via Overpass API
chain,ICA,retail_grocery,auto,ICA Nära Birgersson Gusum,ICA Nära,,Grocery / convenience,supermarket,,,,Centrumplatsen,3,,Gusum,Sweden,Centrumplatsen 3 Gusum Sweden,usable,58.264524,16.4956266,node,5910354388,OpenStreetMap via Overpass API
chain,ICA,retail_grocery,auto,ICA Supermarket Tornet Ulricehamn,ICA Supermarket,,Grocery / convenience,supermarket,,,,Strandgatan,6,52331,Ulricehamn,Sweden,Strandgatan 6 52331 Ulricehamn Sweden,strict,57.7923887,13.4113082,node,6055278555,OpenStreetMap via Overpass API
chain,ICA,retail_grocery,auto,ICA Maxi Förbutik,ICA,ICA,Grocery / convenience,supermarket,,,,,,,,Sweden,"57.7952399,12.0501482",coordinates_only,57.7952399,12.0501482,node,6105411611,OpenStreetMap via Overpass API
chain,ICA,retail_grocery,auto,ICA Supermarket Wallinders,ICA Supermarket,,Grocery / convenience,supermarket,,,,,,,,Sweden,"59.3927867,13.516421",coordinates_only,59.3927867,13.516421,node,6116578344,OpenStreetMap via Overpass API
chain,ICA,retail_grocery,auto,ICA Supermarket,ICA Supermarket,,Grocery / convenience,supermarket,,,,Gröna vägen,2,80647,Gävle,Sweden,Gröna vägen 2 80647 Gävle Sweden,strict,60.6998342,17.1730071,node,6227702156,OpenStreetMap via Overpass API
chain,ICA,retail_grocery,auto,Maxi ICA Stormarknad,Maxi ICA Stormarknad,,Grocery / convenience,supermarket,,,,,,,,Sweden,"55.6390456,13.0847657",coordinates_only,55.6390456,13.0847657,node,6250391760,OpenStreetMap via Overpass API
chain,ICA,retail_grocery,auto,ICA Supermarket Trelleborg,ICA Supermarket,,Grocery / convenience,supermarket,,,,,,,,Sweden,"55.3741895,13.1579384",coordinates_only,55.3741895,13.1579384,node,6325800923,OpenStreetMap via Overpass API
chain,ICA,retail_grocery,auto,ICA Supermarket,ICA Supermarket,,Grocery / convenience,supermarket,,,,,,,,Sweden,"63.8524348,15.5577696",coordinates_only,63.8524348,15.5577696,node,6438124010,OpenStreetMap via Overpass API
chain,ICA,retail_grocery,auto,ICA Supermarket Västermalmsgallerian,ICA Supermarket,ICA,Grocery / convenience,supermarket,,,,,,,,Sweden,"59.3348287,18.0322992",coordinates_only,59.3348287,18.0322992,node,6482470630,OpenStreetMap via Overpass API
chain,ICA,retail_grocery,auto,Ica Supermarket Vilbergen,ICA Supermarket,,Grocery / convenience,supermarket,,,,,,,,Sweden,"58.5709122,16.1701883",coordinates_only,58.5709122,16.1701883,node,6628771866,OpenStreetMap via Overpass API
chain,ICA,retail_grocery,auto,ICA Nära Björknäs,ICA Nära,,Grocery / convenience,supermarket,,,,Björknäs Torg,25,132 40,Saltsjö-Boo,Sweden,Björknäs Torg 25 132 40 Saltsjö-Boo Sweden,strict,59.3156096,18.2292513,node,6838918871,OpenStreetMap via Overpass API
chain,ICA,retail_grocery,auto,ICA Kvantum Kungsholmen,ICA Kvantum,ICA,Grocery / convenience,supermarket,,,,,,,,Sweden,"59.3331623,18.044925",coordinates_only,59.3331623,18.044925,node,6982145932,OpenStreetMap via Overpass API
chain,ICA,retail_grocery,auto,Best of Africa,,,Grocery / convenience,supermarket,,,,,,,,Sweden,"59.4025645,17.9481129",coordinates_only,59.4025645,17.9481129,node,7063139281,OpenStreetMap via Overpass API
chain,ICA,retail_grocery,auto,ICA Supermarket,ICA Supermarket,,Grocery / convenience,supermarket,,,,,,,,Sweden,"65.1826419,18.7426893",coordinates_only,65.1826419,18.7426893,node,7228364006,OpenStreetMap via Overpass API
chain,ICA,retail_grocery,auto,ICA Supermarket Fanfaren,ICA Supermarket,,Grocery / convenience,supermarket,,,,,,,,Sweden,"59.38336,13.4862644",coordinates_only,59.38336,13.4862644,node,7368822662,OpenStreetMap via Overpass API
chain,ICA,retail_grocery,auto,Ica Maxi,Maxi ICA Stormarknad,,Grocery / convenience,supermarket,,,,,,,,Sweden,"57.8126711,13.421854",coordinates_only,57.8126711,13.421854,node,7446348321,OpenStreetMap via Overpass API
chain,ICA,retail_grocery,auto,ICA Thybergs,ICA Nära,,Grocery / convenience,supermarket,,,,Stora Årbotten Nilsstuga,,67035,,Sweden,Stora Årbotten Nilsstuga 67035 Sweden,usable,59.7950382,12.6095938,node,7695222786,OpenStreetMap via Overpass API
chain,ICA,retail_grocery,auto,Ica Nära flamman,ICA Nära,Ica,Grocery / convenience,supermarket,,,,,,,,Sweden,"57.7812506,14.1864212",coordinates_only,57.7812506,14.1864212,node,7775537485,OpenStreetMap via Overpass API
chain,ICA,retail_grocery,auto,ICA Supermarket,ICA Supermarket,,Grocery / convenience,supermarket,,,,,,615 30,,Sweden,615 30 Sweden,usable,58.2026472,16.6028069,node,7961238540,OpenStreetMap via Overpass API
chain,ICA,retail_grocery,auto,ICA Nära Rosendal,ICA Nära,,Grocery / convenience,supermarket,,,,Torgny Segerstedts allé,25,75644,Uppsala,Sweden,Torgny Segerstedts allé 25 75644 Uppsala Sweden,strict,59.8320878,17.6342261,node,8314767190,OpenStreetMap via Overpass API
chain,ICA,retail_grocery,auto,ICA Nära Högsbohöjd,ICA Nära,,Grocery / convenience,supermarket,,,,Sjupundsgatan,4,41481,Göteborg,Sweden,Sjupundsgatan 4 41481 Göteborg Sweden,strict,57.6753268,11.9175273,node,8759628675,OpenStreetMap via Overpass API
chain,ICA,retail_grocery,auto,ICA Nära Alléns,ICA Nära,ICA,Grocery / convenience,supermarket,,,,Djursholmsvägen,27,18352,Täby,Sweden,Djursholmsvägen 27 18352 Täby Sweden,strict,59.4271574,18.0851836,node,8870893017,OpenStreetMap via Overpass API
chain,ICA,retail_grocery,auto,ICA Vilstahallen,ICA Nära,,Grocery / convenience,supermarket,,,,,,,,Sweden,"59.393944,15.8319922",coordinates_only,59.393944,15.8319922,node,8916484383,OpenStreetMap via Overpass API
chain,ICA,retail_grocery,auto,ICA Supermarket Frölunda,ICA Supermarket,,Grocery / convenience,supermarket,,,,Smyckegatan,1,42650,Västra Frölunda,Sweden,Smyckegatan 1 42650 Västra Frölunda Sweden,strict,57.6510077,11.8978237,node,8977440179,OpenStreetMap via Overpass API
chain,ICA,retail_grocery,auto,Maxi ICA Stormarknad Bromma,Maxi ICA Stormarknad,,Grocery / convenience,supermarket,,,,Köpsvängen,4,16867,Bromma,Sweden,Köpsvängen 4 16867 Bromma Sweden,strict,59.3537504,17.9562145,node,9112053103,OpenStreetMap via Overpass API
chain,ICA,retail_grocery,auto,ICA Kvantum Kristianstad,ICA Kvantum,ICA,Grocery / convenience,supermarket,,,,Stridsvagnsvägen,1,291 39,Kristianstad,Sweden,Stridsvagnsvägen 1 291 39 Kristianstad Sweden,strict,56.0438138,14.1486279,node,9120234312,OpenStreetMap via Overpass API
chain,ICA,retail_grocery,auto,ICA Nära Norrmalm,ICA Nära,,Grocery / convenience,supermarket,,,,,,,,Sweden,"58.3973539,13.8473773",coordinates_only,58.3973539,13.8473773,node,9176679050,OpenStreetMap via Overpass API
chain,ICA,retail_grocery,auto,ICA Supermarket,ICA Supermarket,ICA,Grocery / convenience,supermarket,,,,Svenstorpsvägen,15,446 37,Älvängen,Sweden,Svenstorpsvägen 15 446 37 Älvängen Sweden,strict,57.9631101,12.1324302,node,9440706103,OpenStreetMap via Overpass API
chain,ICA,retail_grocery,auto,Ica Nära Norrmalm,ICA Nära,,Grocery / convenience,supermarket,,,,,,,,Sweden,"58.3972451,13.8472513",coordinates_only,58.3972451,13.8472513,node,9701032263,OpenStreetMap via Overpass API
chain,ICA,retail_grocery,auto,ICA nära Stortorget,ICA Nära,,Grocery / convenience,supermarket,,,,,,,,Sweden,"60.6753007,17.1417167",coordinates_only,60.6753007,17.1417167,node,9862683895,OpenStreetMap via Overpass API
chain,ICA,retail_grocery,auto,ICA Nära Glimåkra,ICA Nära,,Grocery / convenience,supermarket,,,,Storgatan,12A,28064,Glimåkra,Sweden,Storgatan 12A 28064 Glimåkra Sweden,strict,56.3049009,14.1368223,node,9897617157,OpenStreetMap via Overpass API
chain,ICA,retail_grocery,auto,ICA Supermarket,ICA Supermarket,,Grocery / convenience,supermarket,,,,Handelsvägen,2C,815 91,Tierp,Sweden,Handelsvägen 2C 815 91 Tierp Sweden,strict,60.3451252,17.4916015,node,9961676863,OpenStreetMap via Overpass API
chain,ICA,retail_grocery,auto,ICA Nära Safiren,ICA Nära,,Grocery / convenience,supermarket,,,,,,,,Sweden,"59.3724934,16.5213106",coordinates_only,59.3724934,16.5213106,node,10060246795,OpenStreetMap via Overpass API
chain,ICA,retail_grocery,auto,Ica Nära,ICA Nära,,Grocery / convenience,supermarket,,,,,,,,Sweden,"59.3178761,15.4008123",coordinates_only,59.3178761,15.4008123,node,10067551144,OpenStreetMap via Overpass API
chain,ICA,retail_grocery,auto,Ica Kvantum,ICA Kvantum,,Grocery / convenience,supermarket,,,,,,,,Sweden,"59.1987735,17.8343642",coordinates_only,59.1987735,17.8343642,node,10127655605,OpenStreetMap via Overpass API
chain,ICA,retail_grocery,auto,ICA Kvantum Tumba,ICA Kvantum,,Grocery / convenience,supermarket,,,,,,,,Sweden,"59.1986584,17.8333331",coordinates_only,59.1986584,17.8333331,node,10127664219,OpenStreetMap via Overpass API
chain,ICA,retail_grocery,auto,ICA Nära,ICA Nära,,Grocery / convenience,supermarket,,,,,,,,Sweden,"59.1857437,18.1344929",coordinates_only,59.1857437,18.1344929,node,10129838036,OpenStreetMap via Overpass API
chain,ICA,retail_grocery,auto,Ica Nära,ICA Nära,ICA,Grocery / convenience,supermarket,,,,Tessins väg,,,Malmö,Sweden,Tessins väg Malmö Sweden,usable,55.6024489,12.979759,node,10130500626,OpenStreetMap via Overpass API
chain,ICA,retail_grocery,auto,ICA Supermarket Limhamns Sjöstad,ICA Supermarket,,Grocery / convenience,supermarket,,,,Geijersgatan,2E,216 18,Limhamn,Sweden,Geijersgatan 2E 216 18 Limhamn Sweden,strict,55.5911286,12.9394443,node,10177222302,OpenStreetMap via Overpass API
chain,ICA,retail_grocery,auto,ICA Nära,ICA Nära,,Grocery / convenience,supermarket,,,,,,,,Sweden,"58.7570296,17.0378689",coordinates_only,58.7570296,17.0378689,node,10723258024,OpenStreetMap via Overpass API
chain,ICA,retail_grocery,auto,ICA Nära,ICA Nära,,Grocery / convenience,supermarket,,,,,,,,Sweden,"55.5953211,13.0022842",coordinates_only,55.5953211,13.0022842,node,10756727716,OpenStreetMap via Overpass API
chain,ICA,retail_grocery,auto,ICA Nära,ICA Nära,Ica,Grocery / convenience,supermarket,,,,,1,724 70,Västerås,Sweden,1 724 70 Västerås Sweden,usable,59.6096484,16.4952434,node,10758679521,OpenStreetMap via Overpass API
chain,ICA,retail_grocery,auto,ICA Kvantum,ICA Kvantum,,Grocery / convenience,supermarket,,,,,,,,Sweden,"59.2448612,18.2282423",coordinates_only,59.2448612,18.2282423,node,10760950481,OpenStreetMap via Overpass API
chain,ICA,retail_grocery,auto,ICA Nära,ICA Nära,,Grocery / convenience,supermarket,,,,Vallby centrum,,,Västerås,Sweden,Vallby centrum Västerås Sweden,usable,59.6224088,16.5038372,node,10764342900,OpenStreetMap via Overpass API
chain,ICA,retail_grocery,auto,ICA Nära J-ge:s Livs,ICA Nära,,Grocery / convenience,supermarket,,,,Artillerigatan,26,,Landskrona,Sweden,Artillerigatan 26 Landskrona Sweden,usable,55.87711,12.82724,node,10764342901,OpenStreetMap via Overpass API
chain,ICA,retail_grocery,auto,ICA Nära Östmarks Handel,ICA Nära,,Grocery / convenience,supermarket,,,,Röjdåforsvägen,1,,Östmark,Sweden,Röjdåforsvägen 1 Östmark Sweden,usable,60.2792925,12.7602277,node,10764342902,OpenStreetMap via Overpass API
chain,ICA,retail_grocery,auto,ICA Nära Hulta,ICA Nära,,Grocery / convenience,supermarket,,,,Trallingsgatan,1,50750,Borås,Sweden,Trallingsgatan 1 50750 Borås Sweden,strict,57.7217232,12.9801817,node,10764364305,OpenStreetMap via Overpass API
chain,ICA,retail_grocery,auto,ICA Nära Söderhöjden,ICA Nära,,Grocery / convenience,supermarket,,,,Frihetsvägen,50,,Järfälla,Sweden,Frihetsvägen 50 Järfälla Sweden,usable,59.4165866,17.8402747,node,10764364306,OpenStreetMap via Overpass API
chain,ICA,retail_grocery,auto,ICA Nära Rotebergs handel,ICA Nära,,Grocery / convenience,supermarket,,,,Rotebergsvägen,61,,Edsbyn,Sweden,Rotebergsvägen 61 Edsbyn Sweden,usable,61.3949517,15.8317919,node,10764364308,OpenStreetMap via Overpass API
chain,ICA,retail_grocery,auto,ICA Nära Söderfors,ICA Nära,,Grocery / convenience,supermarket,,,,Nygatan,16,,Söderfors,Sweden,Nygatan 16 Söderfors Sweden,usable,60.3894228,17.2437313,node,10764364310,OpenStreetMap via Overpass API
chain,ICA,retail_grocery,auto,ICA Nära Skivsjö,ICA Nära,,Grocery / convenience,supermarket,,,,Skivsjö,52,,Vindeln,Sweden,Skivsjö 52 Vindeln Sweden,usable,64.1228576,19.3059404,node,10764364312,OpenStreetMap via Overpass API
chain,ICA,retail_grocery,auto,ICA Nära Storebro,ICA Nära,,Grocery / convenience,supermarket,,,,Torgrundan,1,,Storebro,Sweden,Torgrundan 1 Storebro Sweden,usable,57.5883081,15.8416503,node,10764364313,OpenStreetMap via Overpass API
chain,ICA,retail_grocery,auto,ICA Nära Södertorn,ICA Nära,,Grocery / convenience,supermarket,,,,Stengatan,58,,Oskarshamn,Sweden,Stengatan 58 Oskarshamn Sweden,usable,57.2555263,16.4466852,node,10764364314,OpenStreetMap via Overpass API
chain,ICA,retail_grocery,auto,ICA Nära Förslöv,ICA Nära,,Grocery / convenience,supermarket,,,,Sandbäcksvägen,4,,Förslöv,Sweden,Sandbäcksvägen 4 Förslöv Sweden,usable,56.3475676,12.8160721,node,10764364315,OpenStreetMap via Overpass API
chain,ICA,retail_grocery,auto,ICA Nära Vårby Gård,ICA Nära,,Grocery / convenience,supermarket,,,,Vårby Allé,22,,Vårby,Sweden,Vårby Allé 22 Vårby Sweden,usable,59.26392,17.88452,node,10764364316,OpenStreetMap via Overpass API
chain,ICA,retail_grocery,auto,ICA Nära Hedared,ICA Nära,,Grocery / convenience,supermarket,,,,Vemmenhultsvägen,2,50492,Hedared,Sweden,Vemmenhultsvägen 2 50492 Hedared Sweden,strict,57.8084459,12.7526589,node,10764364317,OpenStreetMap via Overpass API
chain,ICA,retail_grocery,auto,ICA Supermarket Tygelsjö,ICA Supermarket,,Grocery / convenience,supermarket,,,,Rödklintsgatan,20,,Tygelsjö,Sweden,Rödklintsgatan 20 Tygelsjö Sweden,usable,55.5144947,12.9968441,node,10764364319,OpenStreetMap via Overpass API
chain,ICA,retail_grocery,auto,Lilla ICA Lindvallen,ICA Supermarket,,Grocery / convenience,supermarket,,,,Hemfjällsvägen,24,,Sälen,Sweden,Hemfjällsvägen 24 Sälen Sweden,usable,61.1565195,13.2044344,node,10764364320,OpenStreetMap via Overpass API
chain,ICA,retail_grocery,auto,ICA Nära Stadsskogen,ICA Nära,,Grocery / convenience,supermarket,,,,Rubingatan,1,,Alingsås,Sweden,Rubingatan 1 Alingsås Sweden,usable,57.91999,12.51195,node,10764364321,OpenStreetMap via Overpass API
chain,ICA,retail_grocery,auto,ICA Supermarket Noltorp,ICA Supermarket,,Grocery / convenience,supermarket,,,,,,,Alingsås,Sweden,Alingsås Sweden,usable,57.9378612,12.5218709,node,10764364322,OpenStreetMap via Overpass API
chain,ICA,retail_grocery,auto,ICA Nära Kinda Motell,ICA Nära,,Grocery / convenience,supermarket,,,,Ulrikavägen,1,,Rimforsa,Sweden,Ulrikavägen 1 Rimforsa Sweden,usable,58.1389091,15.6793379,node,10764364325,OpenStreetMap via Overpass API
chain,ICA,retail_grocery,auto,ICA Supermarket Gårdsten,ICA Supermarket,,Grocery / convenience,supermarket,,,,Muskotgatan,5,,Angered,Sweden,Muskotgatan 5 Angered Sweden,usable,57.804,12.03194,node,10764364328,OpenStreetMap via Overpass API
chain,ICA,retail_grocery,auto,"ICA Nära Sundbergs, Mörlunda",ICA Nära,,Grocery / convenience,supermarket,,,,Blockvägen,,,Mörlunda,Sweden,Blockvägen Mörlunda Sweden,usable,57.3192592,15.8636915,node,10764364329,OpenStreetMap via Overpass API
chain,ICA,retail_grocery,auto,ICA Nära Ladan,ICA Nära,,Grocery / convenience,supermarket,,,,Rönnöforsvägen,1,,Offerdal,Sweden,Rönnöforsvägen 1 Offerdal Sweden,usable,63.4932672,13.9019163,node,10764364332,OpenStreetMap via Overpass API
chain,ICA,retail_grocery,auto,ICA Nära Solbacken,ICA Nära,,Grocery / convenience,supermarket,,,,Lövbergavägen,56,,Strömsund,Sweden,Lövbergavägen 56 Strömsund Sweden,usable,63.8592208,15.5669825,node,10764364333,OpenStreetMap via Overpass API
chain,ICA,retail_grocery,auto,"ICA Träffen, Kalix-Nyborg",ICA Nära,,Grocery / convenience,supermarket,,,,Centralvägen,18,,Kalix-Nyborg,Sweden,Centralvägen 18 Kalix-Nyborg Sweden,usable,65.79176,23.18093,node,10764364334,OpenStreetMap via Overpass API
chain,ICA,retail_grocery,auto,ICA Nära Rödsta,ICA Nära,,Grocery / convenience,supermarket,,,,Långgatan,25,,Sollefteå,Sweden,Långgatan 25 Sollefteå Sweden,usable,63.1695472,17.250805,node,10764364335,OpenStreetMap via Overpass API
chain,ICA,retail_grocery,auto,ICA Nära Gripenberg,ICA Nära,,Grocery / convenience,supermarket,,,,"Jönköpingsvägen , Gripenberg",66,,Tranås,Sweden,"Jönköpingsvägen , Gripenberg 66 Tranås Sweden",usable,57.98931,14.85016,node,10764364336,OpenStreetMap via Overpass API
chain,ICA,retail_grocery,auto,ICA Nära Ljungsbro,ICA Nära,,Grocery / convenience,supermarket,,,,Vallbytorpsvägen,1,,Ljungsbro,Sweden,Vallbytorpsvägen 1 Ljungsbro Sweden,usable,58.4941596,15.5029286,node,10764364337,OpenStreetMap via Overpass API
chain,ICA,retail_grocery,auto,ICA Nära Frösön,ICA Nära,,Grocery / convenience,supermarket,,,,Fröjavägen,5,,Frösön,Sweden,Fröjavägen 5 Frösön Sweden,usable,63.17276,14.6009699,node,10764364338,OpenStreetMap via Overpass API
chain,ICA,retail_grocery,auto,ICA Nära Westmans Livs,ICA Nära,,Grocery / convenience,supermarket,,,,Agnäs,115,,Bjurholm,Sweden,Agnäs 115 Bjurholm Sweden,usable,63.8511262,19.2615746,node,10764364341,OpenStreetMap via Overpass API
chain,ICA,retail_grocery,auto,ICA Nära,ICA Nära,,Grocery / convenience,supermarket,,,,"Pettersbergs centrum,",,,Västerås,Sweden,"Pettersbergs centrum, Västerås Sweden",usable,59.6162073,16.5176391,node,10764364342,OpenStreetMap via Overpass API
chain,ICA,retail_grocery,auto,ICA Nära Råbyvägen,ICA Nära,,Grocery / convenience,supermarket,post_office,,,Råbyvägen,61,,Uppsala,Sweden,Råbyvägen 61 Uppsala Sweden,usable,59.8761186,17.6555262,node,10764364343,OpenStreetMap via Overpass API
chain,ICA,retail_grocery,auto,ICA Supermarket Töcksfors,ICA Supermarket,,Grocery / convenience,supermarket,,,,Lindudden,3,,Töcksfors,Sweden,Lindudden 3 Töcksfors Sweden,usable,59.50908,11.81838,node,10764364344,OpenStreetMap via Overpass API
chain,ICA,retail_grocery,auto,ICA Änge,ICA Nära,,Grocery / convenience,supermarket,,,,Centralvägen,20,,Offerdal,Sweden,Centralvägen 20 Offerdal Sweden,usable,63.4577641,14.0638979,node,10764364345,OpenStreetMap via Overpass API
chain,ICA,retail_grocery,auto,ICA Nära Sigvards,ICA Nära,,Grocery / convenience,supermarket,,,,G:a Sjulsnäsvägen,57,94631,Roknäs,Sweden,G:a Sjulsnäsvägen 57 94631 Roknäs Sweden,strict,65.3395525,21.2303157,node,10764364347,OpenStreetMap via Overpass API
chain,ICA,retail_grocery,auto,ICA Nära We-Hås,ICA Nära,,Grocery / convenience,supermarket,,,,Telegatan,2,,Korpilombolo,Sweden,Telegatan 2 Korpilombolo Sweden,usable,66.84887,23.0605,node,10764364348,OpenStreetMap via Overpass API
chain,ICA,retail_grocery,auto,ICA Nära Ormsjödalen,ICA Nära,,Grocery / convenience,supermarket,,,,Västra Ormsjö,70,,Dorotea,Sweden,Västra Ormsjö 70 Dorotea Sweden,usable,64.41891,16.0087,node,10764364349,OpenStreetMap via Overpass API
chain,ICA,retail_grocery,auto,ICA Nära Opdahls,ICA Nära,,Grocery / convenience,supermarket,,,,Strandvägen,16,,Skånes Fagerhult,Sweden,Strandvägen 16 Skånes Fagerhult Sweden,usable,56.3701279,13.4666702,node,10764364351,OpenStreetMap via Overpass API
chain,ICA,retail_grocery,auto,ICA UP-hallen,,,Grocery / convenience,supermarket,,,,Björkvägen,21,26363,Viken,Sweden,Björkvägen 21 26363 Viken Sweden,strict,56.1527007,12.5769787,node,10781624518,OpenStreetMap via Overpass API
chain,ICA,retail_grocery,auto,ICA Supermarket Westerlund,ICA Supermarket,,Grocery / convenience,supermarket,,,,Dr Westerlunds Gata,15,,Enköping,Sweden,Dr Westerlunds Gata 15 Enköping Sweden,usable,59.6369842,17.0655778,node,10822611632,OpenStreetMap via Overpass API
chain,ICA,retail_grocery,auto,Maxi ICA Stormarknad Kungälv,Maxi ICA Stormarknad,ICA,Grocery / convenience,supermarket,,,,,,,,Sweden,"57.8744514,11.9738259",coordinates_only,57.8744514,11.9738259,node,10890010743,OpenStreetMap via Overpass API
chain,ICA,retail_grocery,auto,ICA Nära Björnänge,,ICA,Grocery / convenience,supermarket,,,,Trondheimsleden,,83797,Åre,Sweden,Trondheimsleden 83797 Åre Sweden,usable,63.3788118,13.1515906,node,10994112638,OpenStreetMap via Overpass API
chain,ICA,retail_grocery,auto,ICA Nära Ahlgrens Torg,ICA Nära,,Grocery / convenience,supermarket,,,,,,,,Sweden,"60.6768667,17.1634711",coordinates_only,60.6768667,17.1634711,node,11210194398,OpenStreetMap via Overpass API
chain,ICA,retail_grocery,auto,ICA Kvantum Bäckebol,ICA Kvantum,,Grocery / convenience,supermarket,,,,,,,,Sweden,"57.7700845,12.0011987",coordinates_only,57.7700845,12.0011987,node,11245263533,OpenStreetMap via Overpass API
chain,ICA,retail_grocery,auto,Ica Nära,ICA Nära,,Grocery / convenience,supermarket,,,,,,,,Sweden,"65.3737035,21.1561701",coordinates_only,65.3737035,21.1561701,node,11542521572,OpenStreetMap via Overpass API
chain,ICA,retail_grocery,auto,ICA Nära Pedagogen Park,ICA Nära,,Grocery / convenience,supermarket,,,,Kunskapsgatan,8,43144,Mölndal,Sweden,Kunskapsgatan 8 43144 Mölndal Sweden,strict,57.6514332,11.9876002,node,11708682105,OpenStreetMap via Overpass API
chain,ICA,retail_grocery,auto,Maxi ICA Stormarknad,Maxi ICA Stormarknad,,Grocery / convenience,supermarket,,,,,,,,Sweden,"58.6156029,16.1619454",coordinates_only,58.6156029,16.1619454,node,11737705031,OpenStreetMap via Overpass API
chain,ICA,retail_grocery,auto,ICA Supermarket,ICA Supermarket,,Grocery / convenience,supermarket,,,,,,,,Sweden,"59.2761243,17.8890153",coordinates_only,59.2761243,17.8890153,node,11991549274,OpenStreetMap via Overpass API
chain,ICA,retail_grocery,auto,ICA Supermarket,ICA Supermarket,,Grocery / convenience,supermarket,,,,,,,,Sweden,"59.4100698,17.92549",coordinates_only,59.4100698,17.92549,node,12006090244,OpenStreetMap via Overpass API
chain,ICA,retail_grocery,auto,ICA nära Idre Fjäll,ICA Nära,,Grocery / convenience,supermarket,,,,,,,,Sweden,"61.8897908,12.8332611",coordinates_only,61.8897908,12.8332611,node,12085843575,OpenStreetMap via Overpass API
chain,ICA,retail_grocery,auto,ICA Kvantum Viksjö,ICA Kvantum,,Grocery / convenience,supermarket,,,,,,,,Sweden,"59.4115857,17.8021791",coordinates_only,59.4115857,17.8021791,node,12095932104,OpenStreetMap via Overpass API
chain,ICA,retail_grocery,auto,Maxi ICA Stormarknad Solna,Maxi ICA Stormarknad,ICA,Grocery / convenience,supermarket,,,,,,,,Sweden,"59.358382,17.980286",coordinates_only,59.358382,17.980286,node,12097728305,OpenStreetMap via Overpass API
chain,ICA,retail_grocery,auto,Ica ToGo,,,Grocery / convenience,supermarket,,,,,,,,Sweden,"57.4057301,11.9844282",coordinates_only,57.4057301,11.9844282,node,12126256730,OpenStreetMap via Overpass API
chain,ICA,retail_grocery,auto,ICA Nära,ICA Nära,,Grocery / convenience,supermarket,,,,,,,,Sweden,"65.2810957,21.4035077",coordinates_only,65.2810957,21.4035077,node,12222261985,OpenStreetMap via Overpass API
chain,ICA,retail_grocery,auto,ICA Nära Sidsjö,ICA Nära,,Grocery / convenience,supermarket,,,,,,,,Sweden,"62.3787968,17.2757626",coordinates_only,62.3787968,17.2757626,node,12231671545,OpenStreetMap via Overpass API
chain,ICA,retail_grocery,auto,Ica Kvantum Nacksta,ICA Kvantum,ICA,Grocery / convenience,supermarket,,,,,,,,Sweden,"62.3919682,17.2627227",coordinates_only,62.3919682,17.2627227,node,12234911129,OpenStreetMap via Overpass API
chain,ICA,retail_grocery,auto,ICA Supermarket,ICA Supermarket,,Grocery / convenience,supermarket,,,,,,,,Sweden,"65.3079525,21.3889",coordinates_only,65.3079525,21.3889,node,12252554028,OpenStreetMap via Overpass API
chain,ICA,retail_grocery,auto,ICA Nära,ICA Nära,,Grocery / convenience,supermarket,,,,,,,,Sweden,"55.6079692,12.9876603",coordinates_only,55.6079692,12.9876603,node,12307305024,OpenStreetMap via Overpass API
chain,ICA,retail_grocery,auto,ICA Kvantum Ersboda,ICA Kvantum,,Grocery / convenience,supermarket,,,,,,,Umeå,Sweden,Umeå Sweden,usable,63.8516243,20.2988658,node,12326827138,OpenStreetMap via Overpass API
chain,ICA,retail_grocery,auto,ICA Kvantum Larsberg,ICA Kvantum,,Grocery / convenience,supermarket,,,,,,,,Sweden,"59.3494175,18.1468962",coordinates_only,59.3494175,18.1468962,node,12355178456,OpenStreetMap via Overpass API
chain,ICA,retail_grocery,auto,ICA Nära Matboden,ICA Nära,,Grocery / convenience,supermarket,,,,,,,,Sweden,"57.1264285,12.2684341",coordinates_only,57.1264285,12.2684341,node,12395546954,OpenStreetMap via Overpass API
chain,ICA,retail_grocery,auto,ICA Nära Tandådalen,ICA Nära,,Grocery / convenience,supermarket,,,,,,,,Sweden,"61.1756961,12.9976442",coordinates_only,61.1756961,12.9976442,node,12463235825,OpenStreetMap via Overpass API
chain,ICA,retail_grocery,auto,ICA Kvantum Hammarö,ICA Kvantum,ICA,Grocery / convenience,supermarket,,,,Bivägen,11,66341,Hammarö,Sweden,Bivägen 11 66341 Hammarö Sweden,strict,59.3425905,13.504383,node,12495837964,OpenStreetMap via Overpass API
chain,ICA,retail_grocery,auto,ICA Supermarket Storvreta,ICA Supermarket,Ica,Grocery / convenience,supermarket,,,,,,,,Sweden,"59.9508362,17.7001333",coordinates_only,59.9508362,17.7001333,node,12603860866,OpenStreetMap via Overpass API
chain,ICA,retail_grocery,auto,ICA Kvantum Danderyd,ICA Kvantum,,Grocery / convenience,supermarket,,,,Mörby centrum,,,,Sweden,Mörby centrum Sweden,usable,59.3983881,18.0360968,node,12623543601,OpenStreetMap via Overpass API
chain,ICA,retail_grocery,auto,ICA Nära Domnarvet,ICA Nära,,Grocery / convenience,supermarket,,,,Jönisgatan,9,784 74,Borlänge,Sweden,Jönisgatan 9 784 74 Borlänge Sweden,strict,60.5008393,15.4558844,node,12955986213,OpenStreetMap via Overpass API
chain,ICA,retail_grocery,auto,ICA nära Sätuna,,,Grocery / convenience,supermarket,,,,,,,,Sweden,"59.6278503,17.8597211",coordinates_only,59.6278503,17.8597211,node,12992273326,OpenStreetMap via Overpass API
chain,ICA,retail_grocery,auto,ICA Supermarket Mörners,,ICA,Grocery / convenience,supermarket,,,,Mörners Väg,64C,352 37,Växjö,Sweden,Mörners Väg 64C 352 37 Växjö Sweden,strict,56.8901194,14.7955875,node,13001702474,OpenStreetMap via Overpass API
chain,ICA,retail_grocery,auto,ICA Maxi Stormarknad Arninge,Maxi ICA Stormarknad,,Grocery / convenience,supermarket,,,,Kundvägen,1E,187 66,Täby,Sweden,Kundvägen 1E 187 66 Täby Sweden,strict,59.4621163,18.1297183,node,13045337017,OpenStreetMap via Overpass API
chain,ICA,retail_grocery,auto,ICA ToGo Tegefjäll,,ICA,Grocery / convenience,supermarket,,,,,,,,Sweden,"63.4000901,12.9762401",coordinates_only,63.4000901,12.9762401,node,13250331757,OpenStreetMap via Overpass API
chain,ICA,retail_grocery,auto,ICA Kvantum,ICA Kvantum,,Grocery / convenience,supermarket,,,,,,,,Sweden,"59.6207415,17.8570344",coordinates_only,59.6207415,17.8570344,node,13252243303,OpenStreetMap via Overpass API
chain,ICA,retail_grocery,auto,ICA Supermarket Lindome,ICA Supermarket,,Grocery / convenience,supermarket,,,,Almåsgången,1,437 30,Lindome,Sweden,Almåsgången 1 437 30 Lindome Sweden,strict,57.5775644,12.0888134,node,13389855103,OpenStreetMap via Overpass API
chain,ICA,retail_grocery,auto,ICA Supermarket Lindvallen,ICA Supermarket,,Grocery / convenience,supermarket,,,,Lindvallens Handelsområde,1,,Sälen,Sweden,Lindvallens Handelsområde 1 Sälen Sweden,usable,61.1644145,13.2028265,node,13527250177,OpenStreetMap via Overpass API
chain,ICA,retail_grocery,auto,Maxi ICA Stormarknad Landskrona,Maxi ICA Stormarknad,,Grocery / convenience,supermarket,,,,Österleden,183 B,26151,Landskrona,Sweden,Österleden 183 B 26151 Landskrona Sweden,strict,55.8739087,12.8578951,node,13539753098,OpenStreetMap via Overpass API
chain,ICA,retail_grocery,auto,ICA Kvantum,ICA Kvantum,,Grocery / convenience,supermarket,,,,Barnhemsgatan,22,431 30,Mölndal,Sweden,Barnhemsgatan 22 431 30 Mölndal Sweden,strict,57.6542208,12.014969,node,13694765064,OpenStreetMap via Overpass API
chain,ICA,retail_grocery,auto,ICA Kvantum Brunnshög,ICA Kvantum,,Grocery / convenience,supermarket,,,,,,,,Sweden,"55.7203049,13.2330537",coordinates_only,55.7203049,13.2330537,node,13764948445,OpenStreetMap via Overpass API
chain,ICA,retail_grocery,auto,ICA Kvantum,ICA Kvantum,,Grocery / convenience,supermarket,,,,Hagvägen,13,83148,Östersund,Sweden,Hagvägen 13 83148 Östersund Sweden,strict,63.1704646,14.691291,node,13827572479,OpenStreetMap via Overpass API
chain,ICA,retail_grocery,auto,ICA Odenhallen,ICA Supermarket,,Grocery / convenience,supermarket,,,,,,,,Sweden,"63.1556191,14.6830009",coordinates_only,63.1556191,14.6830009,node,13830880199,OpenStreetMap via Overpass API
chain,ICA,retail_grocery,auto,Ica Maxi Stormarknad,Maxi ICA Stormarknad,ICA,Grocery / convenience,supermarket,,,,,,,,Sweden,"63.1924358,14.6507481",coordinates_only,63.1924358,14.6507481,node,13953923272,OpenStreetMap via Overpass API
chain,ICA,retail_grocery,auto,ICA Nära Byxelkrok,ICA Nära,,Grocery / convenience,supermarket,,,,,,,,Sweden,"57.3141649,17.0251395",coordinates_only,57.3141649,17.0251395,node,14026873699,OpenStreetMap via Overpass API
chain,ICA,retail_grocery,auto,Ica Nära Sorgenfri,,,Grocery / convenience,supermarket,,,,Spårvägen,3,212 52,,Sweden,Spårvägen 3 212 52 Sweden,usable,55.6003291,13.0252355,node,14028573901,OpenStreetMap via Overpass API
chain,ICA,retail_grocery,auto,ICA to go Profilen,,ICA,Grocery / convenience,supermarket,,,,,,,,Sweden,"59.1658122,15.2641198",coordinates_only,59.1658122,15.2641198,node,14058864875,OpenStreetMap via Overpass API
chain,ICA,retail_grocery,auto,ICA Strandberg,,,Grocery / convenience,supermarket,,,,,,,,Sweden,"63.3143964,13.2417508",coordinates_only,63.3143964,13.2417508,node,14124372497,OpenStreetMap via Overpass API
chain,ICA,retail_grocery,auto,ICA Nära Bergshamra,ICA Nära,,Grocery / convenience,supermarket,,,,,,,,Sweden,"59.379025,18.0381625",coordinates_only,59.379025,18.0381625,way,10106639,OpenStreetMap via Overpass API
chain,ICA,retail_grocery,auto,Maxi ICA Stormarknad Botkyrka,Maxi ICA Stormarknad,,Grocery / convenience,supermarket,,,,,,,,Sweden,"59.2372975,17.8315008",coordinates_only,59.2372975,17.8315008,way,16753808,OpenStreetMap via Overpass API
chain,ICA,retail_grocery,auto,ICA Kvantum,ICA Kvantum,,Grocery / convenience,supermarket,,,,,,,,Sweden,"59.2709701,17.920778",coordinates_only,59.2709701,17.920778,way,17950777,OpenStreetMap via Overpass API
chain,ICA,retail_grocery,auto,ICA Supermarket Husby,ICA Supermarket,,Grocery / convenience,supermarket,,,,,,,,Sweden,"59.4101042,17.9255476",coordinates_only,59.4101042,17.9255476,way,23168795,OpenStreetMap via Overpass API
chain,ICA,retail_grocery,auto,ICA Nära Bomhus,ICA Nära,,Grocery / convenience,supermarket,,,,,,,,Sweden,"60.6656261,17.2270003",coordinates_only,60.6656261,17.2270003,way,23651934,OpenStreetMap via Overpass API
chain,ICA,retail_grocery,auto,ICA Tappström,ICA Supermarket,,Grocery / convenience,supermarket,,,,Mälarö torg,1,,,Sweden,Mälarö torg 1 Sweden,usable,59.2902298,17.8108341,way,23750057,OpenStreetMap via Overpass API
chain,ICA,retail_grocery,auto,ICA Supermarket Delsbohallen,ICA Supermarket,,Grocery / convenience,supermarket,,,,Edevägen,5,82471,Delsbo,Sweden,Edevägen 5 82471 Delsbo Sweden,strict,61.7997788,16.5532568,way,25624640,OpenStreetMap via Overpass API
chain,ICA,retail_grocery,auto,ICA Maxi,Maxi ICA Stormarknad,,Grocery / convenience,supermarket,,,,Ingenjörsgatan,1,80293,Gävle,Sweden,Ingenjörsgatan 1 80293 Gävle Sweden,strict,60.6468354,17.1470181,way,27038715,OpenStreetMap via Overpass API
chain,ICA,retail_grocery,auto,ICA Supermarket,ICA Supermarket,,Grocery / convenience,supermarket,,,,,,,,Sweden,"55.4120572,12.844034",coordinates_only,55.4120572,12.844034,way,27601494,OpenStreetMap via Overpass API
chain,ICA,retail_grocery,auto,ICA Maxi Trelleborg,ICA Maxi,,Grocery / convenience,supermarket,,,,Strandridaregatan,10,,Trelleborg,Sweden,Strandridaregatan 10 Trelleborg Sweden,usable,55.373904,13.1321285,way,27790303,OpenStreetMap via Overpass API
chain,ICA,retail_grocery,auto,ICA Väst,ICA Supermarket,ICA,Grocery / convenience,supermarket,,,,Flogstavägen,99,75272,Uppsala,Sweden,Flogstavägen 99 75272 Uppsala Sweden,strict,59.8515808,17.5882938,way,28237032,OpenStreetMap via Overpass API
chain,ICA,retail_grocery,auto,ICA Nära,ICA Nära,,Grocery / convenience,supermarket,,,,Lönnkrogsvägen,10,236 41,Höllviken,Sweden,Lönnkrogsvägen 10 236 41 Höllviken Sweden,strict,55.4058907,12.921113,way,28476024,OpenStreetMap via Overpass API
chain,ICA,retail_grocery,auto,Maxi ICA Stormarknad,Maxi ICA Stormarknad,,Grocery / convenience,supermarket,,,,,,,,Sweden,"57.771888,14.1766979",coordinates_only,57.771888,14.1766979,way,28785792,OpenStreetMap via Overpass API
chain,ICA,retail_grocery,auto,ICA Nära,ICA Nära,,Grocery / convenience,supermarket,,,,,,,,Sweden,"59.1633045,18.1404036",coordinates_only,59.1633045,18.1404036,way,30018567,OpenStreetMap via Overpass API
chain,ICA,retail_grocery,auto,ICA Kvantum Malmborgs Erikslust,ICA Kvantum,,Grocery / convenience,supermarket,,,,,,,,Sweden,"55.5948834,12.9664132",coordinates_only,55.5948834,12.9664132,way,30425231,OpenStreetMap via Overpass API
chain,ICA,retail_grocery,auto,ICA Norby,ICA Supermarket,,Grocery / convenience,supermarket,,,,,,,,Sweden,"59.8257425,17.6186737",coordinates_only,59.8257425,17.6186737,way,32198875,OpenStreetMap via Overpass API
chain,ICA,retail_grocery,auto,ICA Hörnan,ICA Nära,ICA,Grocery / convenience,supermarket,,,,Artillerigatan,16,75237,Uppsala,Sweden,Artillerigatan 16 75237 Uppsala Sweden,strict,59.8459926,17.6311751,way,32243878,OpenStreetMap via Overpass API
chain,ICA,retail_grocery,auto,ICA Supermarket Åkeredshallen,ICA Supermarket,ICA,Grocery / convenience,supermarket,,,,Spektrumsgatan,1,42163,Västra Frölunda,Sweden,Spektrumsgatan 1 42163 Västra Frölunda Sweden,strict,57.6338758,11.89726,way,33130177,OpenStreetMap via Overpass API
chain,ICA,retail_grocery,auto,ICA Kvantum Markant i Markaryd,ICA Kvantum,,Grocery / convenience,supermarket,,,,,,,,Sweden,"56.4494556,13.5991363",coordinates_only,56.4494556,13.5991363,way,34615047,OpenStreetMap via Overpass API
chain,ICA,retail_grocery,auto,Maxi ICA Stormarknad Mellbystrand,Maxi ICA Stormarknad,,Grocery / convenience,supermarket,,,,,,,Mellbystrand,Sweden,Mellbystrand Sweden,usable,56.5033816,12.9563751,way,36791769,OpenStreetMap via Overpass API
chain,ICA,retail_grocery,auto,ICA Supermarket Kvarnen,ICA Supermarket,,Grocery / convenience,supermarket,,,,Kvarnbergsplan,10,141 45,Huddinge,Sweden,Kvarnbergsplan 10 141 45 Huddinge Sweden,strict,59.2408078,17.9953771,way,40806062,OpenStreetMap via Overpass API
chain,ICA,retail_grocery,auto,ICA Supermarket Orsahallen,ICA Supermarket,,Grocery / convenience,supermarket,,,,,,,,Sweden,"61.1170221,14.6287838",coordinates_only,61.1170221,14.6287838,way,40867784,OpenStreetMap via Overpass API
chain,ICA,retail_grocery,auto,ICA Kragsta,ICA Nära,ICA,Grocery / convenience,supermarket,,,,,,,,Sweden,"59.5107694,18.06571",coordinates_only,59.5107694,18.06571,way,41178232,OpenStreetMap via Overpass API
chain,ICA,retail_grocery,auto,ICA Supermarket Fäladstorget,ICA Supermarket,,Grocery / convenience,supermarket,,,,Fäladstorget,14,22647,Lund,Sweden,Fäladstorget 14 22647 Lund Sweden,strict,55.7237359,13.2034229,way,42374534,OpenStreetMap via Overpass API
chain,ICA,retail_grocery,auto,Maxi ICA Stormarknad Linköping,Maxi ICA Stormarknad,,Grocery / convenience,supermarket,,,,Västra Svedengatan,12,582 73,Linköping,Sweden,Västra Svedengatan 12 582 73 Linköping Sweden,strict,58.4324544,15.5923627,way,43338197,OpenStreetMap via Overpass API
chain,ICA,retail_grocery,auto,ICA Kvantum Falkenberg,ICA Kvantum,ICA,Grocery / convenience,supermarket,,,,,,,,Sweden,"56.9033678,12.4839821",coordinates_only,56.9033678,12.4839821,way,43339405,OpenStreetMap via Overpass API
chain,ICA,retail_grocery,auto,ICA Blåcenter,ICA Nära,,Grocery / convenience,supermarket,,,,Tegelbruksvägen,10,83147,Östersund,Sweden,Tegelbruksvägen 10 83147 Östersund Sweden,strict,63.1699003,14.6636663,way,43869007,OpenStreetMap via Overpass API
chain,ICA,retail_grocery,auto,ICA Supermarket,ICA Supermarket,,Grocery / convenience,supermarket,,,,Kalmarvägen,115,393 65,Kalmar,Sweden,Kalmarvägen 115 393 65 Kalmar Sweden,strict,56.7353211,16.2962021,way,45263104,OpenStreetMap via Overpass API
chain,ICA,retail_grocery,auto,Maxi ICA Stormarknad,Maxi ICA Stormarknad,ICA,Grocery / convenience,supermarket,,,,Bataljonsvägen,11,791 40,Falun,Sweden,Bataljonsvägen 11 791 40 Falun Sweden,strict,60.6070163,15.6587571,way,47848884,OpenStreetMap via Overpass API
chain,ICA,retail_grocery,auto,ICA - Häggs Livs,ICA Nära,,Grocery / convenience,supermarket,,,,Järnvägsgatan,4,272 61,Gärsnäs,Sweden,Järnvägsgatan 4 272 61 Gärsnäs Sweden,strict,55.5465205,14.1839392,way,49967989,OpenStreetMap via Overpass API
chain,ICA,retail_grocery,auto,Ica Norrköp,ICA Kvantum,,Grocery / convenience,supermarket,,,,,,,,Sweden,"59.7664813,18.7139483",coordinates_only,59.7664813,18.7139483,way,50289967,OpenStreetMap via Overpass API
chain,ICA,retail_grocery,auto,ICA Kvantum Malmborgs,ICA Kvantum,,Grocery / convenience,supermarket,,,,Linnégatan,48,21614,Limhamn,Sweden,Linnégatan 48 21614 Limhamn Sweden,strict,55.5816662,12.9359005,way,51524982,OpenStreetMap via Overpass API
chain,ICA,retail_grocery,auto,ICA Nära Kungsängen,ICA Nära,,Grocery / convenience,supermarket,,,,,,,,Sweden,"59.4788706,17.7505275",coordinates_only,59.4788706,17.7505275,way,51903275,OpenStreetMap via Overpass API
chain,ICA,retail_grocery,auto,ICA Norbergs livs,ICA Nära,,Grocery / convenience,supermarket,,,,,,,,Sweden,"59.1337674,18.4090416",coordinates_only,59.1337674,18.4090416,way,54621740,OpenStreetMap via Overpass API
chain,ICA,retail_grocery,auto,ICA Supermarket Solbo,ICA Supermarket,,Grocery / convenience,supermarket,,,,,,,,Sweden,"59.189661,17.8221061",coordinates_only,59.189661,17.8221061,way,54948625,OpenStreetMap via Overpass API
chain,ICA,retail_grocery,auto,ICA Krysset,ICA Nära,ICA,Grocery / convenience,supermarket,,,,,,,,Sweden,"59.8697515,18.0711422",coordinates_only,59.8697515,18.0711422,way,55584006,OpenStreetMap via Overpass API
chain,ICA,retail_grocery,auto,ICA Supermarket,ICA Supermarket,,Grocery / convenience,supermarket,,,,Hermodsdalstorget,3,,Malmö,Sweden,Hermodsdalstorget 3 Malmö Sweden,usable,55.5668511,13.0201455,way,56083470,OpenStreetMap via Overpass API
chain,ICA,retail_grocery,auto,ICA ToGo Dala-Järna,,ICA,Grocery / convenience,supermarket,,,,Myrbacka,88,78671,Dala-järna,Sweden,Myrbacka 88 78671 Dala-järna Sweden,strict,60.548843,14.3676206,way,61836627,OpenStreetMap via Overpass API
chain,ICA,retail_grocery,auto,ICA Maxi Stormarknad,Maxi ICA Stormarknad,ICA,Grocery / convenience,supermarket,,,,Storhedsvägen,14,97345,Luleå,Sweden,Storhedsvägen 14 97345 Luleå Sweden,strict,65.6175441,22.0487975,way,62031313,OpenStreetMap via Overpass API
chain,ICA,retail_grocery,auto,Maxi ICA Stormarknad Helsingborg,Maxi ICA Stormarknad,,Grocery / convenience,supermarket,,,,Regementsvägen,7,254 57,Helsingborg,Sweden,Regementsvägen 7 254 57 Helsingborg Sweden,strict,56.0655065,12.719706,way,62323566,OpenStreetMap via Overpass API
chain,ICA,retail_grocery,auto,ICA Nära Jätten,ICA Nära,,Grocery / convenience,supermarket,,,,,,,,Sweden,"59.1865671,17.6104378",coordinates_only,59.1865671,17.6104378,way,68324762,OpenStreetMap via Overpass API
chain,ICA,retail_grocery,auto,Maxi ICA Stormarknad Skellefteå,Maxi ICA Stormarknad,,Grocery / convenience,supermarket,,,,Varugatan,28,931 76,Skellefteå,Sweden,Varugatan 28 931 76 Skellefteå Sweden,strict,64.7658672,21.0255614,way,68881985,OpenStreetMap via Overpass API
chain,ICA,retail_grocery,auto,ICA Supermarket Arnö,ICA Supermarket,,Grocery / convenience,supermarket,,,,,,,,Sweden,"58.7295357,17.0121185",coordinates_only,58.7295357,17.0121185,way,71434660,OpenStreetMap via Overpass API
chain,ICA,retail_grocery,auto,ICA Supermarket Stinsen,ICA Supermarket,ICA,Grocery / convenience,supermarket,,,,Mörevägen,22,388 30,Ljungbyholm,Sweden,Mörevägen 22 388 30 Ljungbyholm Sweden,strict,56.6344557,16.1740382,way,71837233,OpenStreetMap via Overpass API
chain,ICA,retail_grocery,auto,ICA Ettan,ICA Supermarket,ICA,Grocery / convenience,supermarket,,,,Långmårtensgatan,1,72226,Västerås,Sweden,Långmårtensgatan 1 72226 Västerås Sweden,strict,59.6226587,16.558984,way,72728711,OpenStreetMap via Overpass API
chain,ICA,retail_grocery,auto,ICA Kvarnen,ICA Supermarket,ICA,Grocery / convenience,supermarket,,,,,,,,Sweden,"60.5167933,15.4148632",coordinates_only,60.5167933,15.4148632,way,74849642,OpenStreetMap via Overpass API
chain,ICA,retail_grocery,auto,"ICA Nära Knuten, Knutby",ICA Nära,ICA,Grocery / convenience,supermarket,,,,Knutby,,,Knutby,Sweden,Knutby Knutby Sweden,usable,59.9092117,18.2652744,way,76829252,OpenStreetMap via Overpass API
chain,ICA,retail_grocery,auto,ICA Nära Rockneby,ICA Nära,ICA,Grocery / convenience,supermarket,,,,Ryssbyvägen,33,,Rockneby,Sweden,Ryssbyvägen 33 Rockneby Sweden,usable,56.8042097,16.3480923,way,77996202,OpenStreetMap via Overpass API
chain,ICA,retail_grocery,auto,ICA Kvantum Frölunda,ICA Kvantum,,Grocery / convenience,supermarket,,,,Radiovägen,5,,,Sweden,Radiovägen 5 Sweden,usable,57.6486232,11.9184078,way,81634326,OpenStreetMap via Overpass API
chain,ICA,retail_grocery,auto,Maxi ICA Stormarknad Borås,Maxi ICA Stormarknad,,Grocery / convenience,supermarket,,,,Trandögatan,16,50433,Borås,Sweden,Trandögatan 16 50433 Borås Sweden,strict,57.7106271,12.9422355,way,85043210,OpenStreetMap via Overpass API
chain,ICA,retail_grocery,auto,ICA City Knalleland,ICA Kvantum,ICA Sverige AB,Grocery / convenience,supermarket,,,,Skaraborgsvägen,25,506 30,Borås,Sweden,Skaraborgsvägen 25 506 30 Borås Sweden,strict,57.7293217,12.9392985,way,85043276,OpenStreetMap via Overpass API
chain,ICA,retail_grocery,auto,ICA Supermarket Knalleland,ICA Supermarket,,Grocery / convenience,supermarket,,,,Bergslenagatan,7,506 30,Borås,Sweden,Bergslenagatan 7 506 30 Borås Sweden,strict,57.7326449,12.9381501,way,85262896,OpenStreetMap via Overpass API
chain,ICA,retail_grocery,auto,ICA Nära,ICA Nära,,Grocery / convenience,supermarket,,,,Fågelbergsgatan,2,431 33,Mölndal,Sweden,Fågelbergsgatan 2 431 33 Mölndal Sweden,strict,57.645436,12.0321246,way,87452592,OpenStreetMap via Overpass API
chain,ICA,retail_grocery,auto,ICA Supermarket Byttorp,ICA Supermarket,,Grocery / convenience,supermarket,,,,Vindelgatan,45,50465,Borås,Sweden,Vindelgatan 45 50465 Borås Sweden,strict,57.7207696,12.9111281,way,87775873,OpenStreetMap via Overpass API
chain,ICA,retail_grocery,auto,ICA Nära Satelliten,ICA Nära,,Grocery / convenience,supermarket,,,,Råbyvägen,15,224 57,Lund,Sweden,Råbyvägen 15 224 57 Lund Sweden,strict,55.6960948,13.2036601,way,88133249,OpenStreetMap via Overpass API
chain,ICA,retail_grocery,auto,ICA Nära Borgen,ICA Nära,ICA,Grocery / convenience,supermarket,,,,Aschebergsgatan,3,254 39,Helsingborg,Sweden,Aschebergsgatan 3 254 39 Helsingborg Sweden,strict,56.0567288,12.6899846,way,88136565,OpenStreetMap via Overpass API
chain,ICA,retail_grocery,auto,ICA Nära Hamilton,ICA Nära,ICA,Grocery / convenience,supermarket,,,,Drottninggatan,136,254 33,Helsingborg,Sweden,Drottninggatan 136 254 33 Helsingborg Sweden,strict,56.0571535,12.6839658,way,88136673,OpenStreetMap via Overpass API
chain,ICA,retail_grocery,auto,ICA Nära Berghem,ICA Nära,,Grocery / convenience,supermarket,,,,Axtorpsvägen,30,90337,Umeå,Sweden,Axtorpsvägen 30 90337 Umeå Sweden,strict,63.8230208,20.3013848,way,88311383,OpenStreetMap via Overpass API
chain,ICA,retail_grocery,auto,ICA Supermarket Årstahallen,ICA Supermarket,,Grocery / convenience,supermarket,,,,Sparrisgatan,3,754 46,Uppsala,Sweden,Sparrisgatan 3 754 46 Uppsala Sweden,strict,59.8655407,17.684581,way,88523585,OpenStreetMap via Overpass API
chain,ICA,retail_grocery,auto,ICA Rösjöhallen,ICA Nära,,Grocery / convenience,supermarket,,,,Ljungmyrsvägen,2,18746,Täby,Sweden,Ljungmyrsvägen 2 18746 Täby Sweden,strict,59.4440184,18.0327306,way,88680045,OpenStreetMap via Overpass API
chain,ICA,retail_grocery,auto,ICA Supermarket Spara,ICA Supermarket,,Grocery / convenience,supermarket,,,,,,,,Sweden,"58.3555566,11.93407",coordinates_only,58.3555566,11.93407,way,89504704,OpenStreetMap via Overpass API
chain,ICA,retail_grocery,auto,ICA Supermarket Sjöhagen,ICA Supermarket,,Grocery / convenience,supermarket,,,,Köpingsvägen,70,724 65,Västerås,Sweden,Köpingsvägen 70 724 65 Västerås Sweden,strict,59.5994027,16.5164227,way,95164403,OpenStreetMap via Overpass API
chain,ICA,retail_grocery,auto,ICA Skå,ICA Nära,,Grocery / convenience,supermarket,,,,Allhallsvägen,1,,Skå,Sweden,Allhallsvägen 1 Skå Sweden,usable,59.3239446,17.7465873,way,95953046,OpenStreetMap via Overpass API
chain,ICA,retail_grocery,auto,ICA Supermarket,ICA Supermarket,,Grocery / convenience,supermarket,,,,Jönköpingsvägen,1,566 31,Habo,Sweden,Jönköpingsvägen 1 566 31 Habo Sweden,strict,57.9090988,14.0750951,way,96041234,OpenStreetMap via Overpass API
chain,ICA,retail_grocery,auto,Maxi ICA Stormarknad Oskarshamn,Maxi ICA Stormarknad,,Grocery / convenience,supermarket,,,,Döderhultsvägen,26,57225,,Sweden,Döderhultsvägen 26 57225 Sweden,usable,57.2655209,16.4325835,way,96063502,OpenStreetMap via Overpass API
chain,ICA,retail_grocery,auto,Ica Supermarket Ånge,ICA Supermarket,,Grocery / convenience,supermarket,,,,,,,,Sweden,"62.5246039,15.6743113",coordinates_only,62.5246039,15.6743113,way,96272025,OpenStreetMap via Overpass API
chain,ICA,retail_grocery,auto,ICA Kvantum Södra Sandby,ICA Kvantum,,Grocery / convenience,supermarket,,,,Revingevägen,2,24731,Södra Sandby,Sweden,Revingevägen 2 24731 Södra Sandby Sweden,strict,55.7168179,13.3431915,way,96333122,OpenStreetMap via Overpass API
chain,ICA,retail_grocery,auto,ICA Matrosen Supermarket,ICA Supermarket,,Grocery / convenience,supermarket,,,,Bruksvägen,191,89631,Husum,Sweden,Bruksvägen 191 89631 Husum Sweden,strict,63.3403008,19.1623024,way,96402317,OpenStreetMap via Overpass API
chain,ICA,retail_grocery,auto,ICA Nära Fliseryd,ICA Nära,,Grocery / convenience,supermarket,,,,Kyrkvägen,22,38473,Fliseryd,Sweden,Kyrkvägen 22 38473 Fliseryd Sweden,strict,57.1278509,16.2660009,way,96434853,OpenStreetMap via Overpass API
chain,ICA,retail_grocery,auto,ICA ToGo Hedekashallen,ICA Nära,,Grocery / convenience,supermarket,,,,Dinglevägen,3,455 41,Hedekas,Sweden,Dinglevägen 3 455 41 Hedekas Sweden,strict,58.6444352,11.7787213,way,97866552,OpenStreetMap via Overpass API
chain,ICA,retail_grocery,auto,ICA Supermarket Malmslätt,ICA Supermarket,ICA,Grocery / convenience,supermarket,,,,Norrmalmsvägen,11,58662,Linköping,Sweden,Norrmalmsvägen 11 58662 Linköping Sweden,strict,58.4140799,15.520577,way,98428229,OpenStreetMap via Overpass API
chain,ICA,retail_grocery,auto,Ica Nära,ICA Nära,,Grocery / convenience,supermarket,,,,Hagbergsgatan,1,41571,Göteborg,Sweden,Hagbergsgatan 1 41571 Göteborg Sweden,strict,57.7354305,12.045772,way,102221800,OpenStreetMap via Overpass API
chain,ICA,retail_grocery,auto,ICA Kvantum Växjö,ICA Kvantum,ICA,Grocery / convenience,supermarket,,,,Norremarksvägen,3,352 45,Växjö,Sweden,Norremarksvägen 3 352 45 Växjö Sweden,strict,56.9020825,14.8309024,way,102881397,OpenStreetMap via Overpass API
chain,ICA,retail_grocery,auto,Maxi ICA Stormarknad Nacka,Maxi ICA Stormarknad,,Grocery / convenience,supermarket,,,,,,,,Sweden,"59.3115038,18.1715981",coordinates_only,59.3115038,18.1715981,way,102982374,OpenStreetMap via Overpass API
chain,ICA,retail_grocery,auto,ICA Häggenås Livs,ICA Nära,,Grocery / convenience,supermarket,,,,,,,,Sweden,"63.3909691,14.9047266",coordinates_only,63.3909691,14.9047266,way,103091369,OpenStreetMap via Overpass API
chain,ICA,retail_grocery,auto,ICA Supermarket Håsta,ICA Supermarket,,Grocery / convenience,supermarket,,,,,,,,Sweden,"61.7195627,17.0897833",coordinates_only,61.7195627,17.0897833,way,109141841,OpenStreetMap via Overpass API
chain,ICA,retail_grocery,auto,ICA Supermarket Starks,ICA Supermarket,,Grocery / convenience,supermarket,,,,Strömsbruksvägen,6,,,Sweden,Strömsbruksvägen 6 Sweden,usable,61.9277919,17.2175632,way,110779564,OpenStreetMap via Overpass API
chain,ICA,retail_grocery,auto,ICA Stamnäs,ICA Nära,,Grocery / convenience,supermarket,,,,,24,824 94,Hudiksvall,Sweden,24 824 94 Hudiksvall Sweden,usable,61.8330648,17.2565035,way,111685078,OpenStreetMap via Overpass API
chain,ICA,retail_grocery,auto,ICA Kvantum Kiruna,ICA Kvantum,,Grocery / convenience,supermarket,,,,Österleden,2,98138,Kiruna,Sweden,Österleden 2 98138 Kiruna Sweden,strict,67.8484611,20.2538498,way,113062777,OpenStreetMap via Overpass API
chain,ICA,retail_grocery,auto,ICA Nära,ICA Nära,,Grocery / convenience,supermarket,,,,Norra Storgatan,6,,,Sweden,Norra Storgatan 6 Sweden,usable,60.1544852,16.9299286,way,113348179,OpenStreetMap via Overpass API
chain,ICA,retail_grocery,auto,ICA Nära Träffpunkten,ICA Nära,ICA,Grocery / convenience,supermarket,,,,,,,,Sweden,"61.72586,17.1397913",coordinates_only,61.72586,17.1397913,way,113717684,OpenStreetMap via Overpass API
chain,ICA,retail_grocery,auto,Maxi ICA Stormarknad Hudiksvall,Maxi ICA Stormarknad,,Grocery / convenience,supermarket,,,,Blockvägen,1,82434,Hudiksvall,Sweden,Blockvägen 1 82434 Hudiksvall Sweden,strict,61.7430046,17.1163839,way,113723416,OpenStreetMap via Overpass API
chain,ICA,retail_grocery,auto,Ica Nära Genarp,ICA Nära,,Grocery / convenience,supermarket,,,,Lillegårdsvägen,6,247 70,Genarp,Sweden,Lillegårdsvägen 6 247 70 Genarp Sweden,strict,55.6003085,13.4019706,way,114347291,OpenStreetMap via Overpass API
chain,ICA,retail_grocery,auto,ICA Kvantum Kronoparken,ICA Kvantum,,Grocery / convenience,supermarket,,,,Kronoskogsvägen,18,90361,Umeå,Sweden,Kronoskogsvägen 18 90361 Umeå Sweden,strict,63.8408721,20.1919484,way,114998116,OpenStreetMap via Overpass API
chain,ICA,retail_grocery,auto,ICA Supermarket Skelleftehamn,ICA Supermarket,,Grocery / convenience,supermarket,,,,Sankt Örjansvägen,6,93232,Skelleftehamn,Sweden,Sankt Örjansvägen 6 93232 Skelleftehamn Sweden,strict,64.6866548,21.2375767,way,118987963,OpenStreetMap via Overpass API
chain,ICA,retail_grocery,auto,ICA Supermarket Hedlunda,ICA Supermarket,ICA,Grocery / convenience,supermarket,,,,,,,,Sweden,"63.8305524,20.2340301",coordinates_only,63.8305524,20.2340301,way,121216586,OpenStreetMap via Overpass API
chain,ICA,retail_grocery,auto,ICA Supermarket Ullared,ICA Supermarket,,Grocery / convenience,supermarket,,,,Varbergsvägen,6,311 60,Ullared,Sweden,Varbergsvägen 6 311 60 Ullared Sweden,strict,57.136904,12.7176179,way,125047454,OpenStreetMap via Overpass API
chain,ICA,retail_grocery,auto,ICA Maxi Ystadvägen,Maxi ICA Stormarknad,,Grocery / convenience,supermarket,,,,Cypressvägen,4,213 63,Malmö,Sweden,Cypressvägen 4 213 63 Malmö Sweden,strict,55.5732675,13.0366536,way,125735563,OpenStreetMap via Overpass API
chain,ICA,retail_grocery,auto,ICA Kvantum Åhus,ICA Kvantum,ICA,Grocery / convenience,supermarket,,,,Vallgatan,30,296 31,Åhus,Sweden,Vallgatan 30 296 31 Åhus Sweden,strict,55.92861,14.2946878,way,126129464,OpenStreetMap via Overpass API
chain,ICA,retail_grocery,auto,Maxi ICA Stormarknad Visby,Maxi ICA Stormarknad,,Grocery / convenience,supermarket,,,,,,,,Sweden,"57.6237977,18.3221152",coordinates_only,57.6237977,18.3221152,way,126784267,OpenStreetMap via Overpass API
chain,ICA,retail_grocery,auto,ICA Kvantum Ekängen,ICA Kvantum,,Grocery / convenience,supermarket,,,,Strängnäsvägen,11,63349,Eskilstuna,Sweden,Strängnäsvägen 11 63349 Eskilstuna Sweden,strict,59.3730201,16.5570405,way,127171068,OpenStreetMap via Overpass API
chain,ICA,retail_grocery,auto,ICA Valhalla,ICA Supermarket,,Grocery / convenience,supermarket,,,,,,,,Sweden,"63.1686585,14.5660817",coordinates_only,63.1686585,14.5660817,way,128194290,OpenStreetMap via Overpass API
chain,ICA,retail_grocery,auto,Ica Supermarket Rimforsa,ICA Supermarket,,Grocery / convenience,supermarket,,,,,,,,Sweden,"58.1374679,15.6853602",coordinates_only,58.1374679,15.6853602,way,129465768,OpenStreetMap via Overpass API
chain,ICA,retail_grocery,auto,ICA Supermarket Bergsjö,ICA Supermarket,,Grocery / convenience,supermarket,,,,Storgatan,19,,,Sweden,Storgatan 19 Sweden,usable,61.984847,17.0585166,way,131343307,OpenStreetMap via Overpass API
chain,ICA,retail_grocery,auto,ICA Dragonen,ICA Supermarket,,Grocery / convenience,supermarket,,,,Vallatorpsvägen,6,18752,Täby,Sweden,Vallatorpsvägen 6 18752 Täby Sweden,strict,59.4658741,18.0444498,way,131890195,OpenStreetMap via Overpass API
chain,ICA,retail_grocery,auto,Maxi ICA Stormarknad Ronneby,Maxi ICA Stormarknad,,Grocery / convenience,supermarket,,,,Karlshamnsvägen,8,372 31,Ronneby,Sweden,Karlshamnsvägen 8 372 31 Ronneby Sweden,strict,56.2150101,15.2724717,way,134208681,OpenStreetMap via Overpass API
chain,ICA,retail_grocery,auto,ICA Supermarket Servett,ICA Supermarket,,Grocery / convenience,supermarket,,,,Almekärrsvägen,7,,Lerum,Sweden,Almekärrsvägen 7 Lerum Sweden,usable,57.7621013,12.2623936,way,134823724,OpenStreetMap via Overpass API
chain,ICA,retail_grocery,auto,ICA Nära Jäckvik,ICA Nära,,Grocery / convenience,supermarket,,,,Byavägen,10,,Jäckvik,Sweden,Byavägen 10 Jäckvik Sweden,usable,66.3900932,16.9647937,way,137930853,OpenStreetMap via Overpass API
chain,ICA,retail_grocery,auto,ICA Nära Lunden,ICA Nära,ICA,Grocery / convenience,supermarket,,,,Spandelstorpsvägen,1,37153,Karlskrona,Sweden,Spandelstorpsvägen 1 37153 Karlskrona Sweden,strict,56.2131095,15.6556828,way,141251015,OpenStreetMap via Overpass API
chain,ICA,retail_grocery,auto,ICA Supermarket,ICA Supermarket,,Grocery / convenience,supermarket,,,,Torpgatan,2,84060,Bräcke,Sweden,Torpgatan 2 84060 Bräcke Sweden,strict,62.7487832,15.4203767,way,142784134,OpenStreetMap via Overpass API
chain,ICA,retail_grocery,auto,Ica Kvantum Eslöv,ICA Kvantum,,Grocery / convenience,supermarket,,,,Kvarngränd,1,241 38,Eslöv,Sweden,Kvarngränd 1 241 38 Eslöv Sweden,strict,55.8368374,13.3062176,way,143084101,OpenStreetMap via Overpass API
chain,ICA,retail_grocery,auto,ICA Supermarket Övertorneå,ICA Supermarket,,Grocery / convenience,supermarket,,,,Hemvägen,13,95731,Övertorneå,Sweden,Hemvägen 13 95731 Övertorneå Sweden,strict,66.3829974,23.6530948,way,143281891,OpenStreetMap via Overpass API
chain,ICA,retail_grocery,auto,ICA Torshallen,ICA Nära,,Grocery / convenience,supermarket,,,,Järvedsvägen,53,891 77,Järved,Sweden,Järvedsvägen 53 891 77 Järved Sweden,strict,63.2716772,18.7642893,way,143307507,OpenStreetMap via Overpass API
chain,ICA,retail_grocery,auto,ICA Supermarket Åsa,ICA Supermarket,,Grocery / convenience,supermarket,,,,,,,,Sweden,"57.3510592,12.1227567",coordinates_only,57.3510592,12.1227567,way,145218096,OpenStreetMap via Overpass API
chain,ICA,retail_grocery,auto,ICA Maxi Erikslund,Maxi ICA Stormarknad,,Grocery / convenience,supermarket,,,,Traversgatan,12,72138,Västerås,Sweden,Traversgatan 12 72138 Västerås Sweden,strict,59.616545,16.4621088,way,145558558,OpenStreetMap via Overpass API
chain,ICA,retail_grocery,auto,ICA Kvantum Vara,ICA Kvantum,,Grocery / convenience,supermarket,,,,Torggatan,48,534 50,Vara,Sweden,Torggatan 48 534 50 Vara Sweden,strict,58.2575092,12.9599639,way,145774045,OpenStreetMap via Overpass API
chain,ICA,retail_grocery,auto,ICA Nära Dingle,ICA Nära,ICA,Grocery / convenience,supermarket,,,,Järnvägsgatan,4,455 61,,Sweden,Järnvägsgatan 4 455 61 Sweden,usable,58.5268924,11.5766797,way,145901146,OpenStreetMap via Overpass API
chain,ICA,retail_grocery,auto,ICA nära,ICA Nära,,Grocery / convenience,supermarket,,,,,,,,Sweden,"58.580574,11.5364166",coordinates_only,58.580574,11.5364166,way,145901257,OpenStreetMap via Overpass API
chain,ICA,retail_grocery,auto,ICA Supermarket Varekilsboden,ICA Supermarket,ICA,Grocery / convenience,supermarket,,,,Hedströms väg,1,47295,Varekil,Sweden,Hedströms väg 1 47295 Varekil Sweden,strict,58.1254713,11.715069,way,146272394,OpenStreetMap via Overpass API
chain,ICA,retail_grocery,auto,ICA Supermarket Horndal,ICA Supermarket,,Grocery / convenience,supermarket,,,,Stora vägen,47,,Horndal,Sweden,Stora vägen 47 Horndal Sweden,usable,60.2941564,16.404396,way,146373975,OpenStreetMap via Overpass API
chain,ICA,retail_grocery,auto,ICA Kvantum Stenungsund,ICA Kvantum,,Grocery / convenience,supermarket,,,,Vassgatan,1,44431,Stenungsund,Sweden,Vassgatan 1 44431 Stenungsund Sweden,strict,58.0750743,11.825829,way,147239504,OpenStreetMap via Overpass API
chain,ICA,retail_grocery,auto,Ica Nära Röstånga,ICA Nära,,Grocery / convenience,supermarket,,,,,,,,Sweden,"56.0034376,13.2898454",coordinates_only,56.0034376,13.2898454,way,148457839,OpenStreetMap via Overpass API
chain,ICA,retail_grocery,auto,ICA Supermarket Smedby,ICA Supermarket,,Grocery / convenience,supermarket,,,,Bigatan,101,603 61,Norrköping,Sweden,Bigatan 101 603 61 Norrköping Sweden,strict,58.5705359,16.2299169,way,149717308,OpenStreetMap via Overpass API
chain,ICA,retail_grocery,auto,ICA Bergeforsen,ICA Nära,,Grocery / convenience,supermarket,,,,,,,,Sweden,"62.5260451,17.3782062",coordinates_only,62.5260451,17.3782062,way,149744303,OpenStreetMap via Overpass API
chain,ICA,retail_grocery,auto,ICA Nära Klingan,ICA Nära,,Grocery / convenience,supermarket,,,,Västra Järnvägsgatan,12,576 31,Sävsjö,Sweden,Västra Järnvägsgatan 12 576 31 Sävsjö Sweden,strict,57.4008104,14.6641327,way,150210855,OpenStreetMap via Overpass API
chain,ICA,retail_grocery,auto,ICA Supermarket Brunnsbo,ICA Supermarket,,Grocery / convenience,supermarket,,,,,,,,Sweden,"57.728559,11.9703968",coordinates_only,57.728559,11.9703968,way,150284907,OpenStreetMap via Overpass API
chain,ICA,retail_grocery,auto,Ica Maxi,Maxi ICA Stormarknad,ICA,Grocery / convenience,supermarket,,,,Mjälgavägen,2,784 37,Borlänge,Sweden,Mjälgavägen 2 784 37 Borlänge Sweden,strict,60.4826443,15.4487054,way,150876122,OpenStreetMap via Overpass API
chain,ICA,retail_grocery,auto,ICA Nära Träffen,ICA Nära,ICA,Grocery / convenience,supermarket,,,,,,,,Sweden,"57.7170383,12.0334663",coordinates_only,57.7170383,12.0334663,way,151174461,OpenStreetMap via Overpass API
chain,ICA,retail_grocery,auto,ICA Supermarket,ICA Supermarket,,Grocery / convenience,supermarket,,,,Vendelsövägen,"43,45",,Tyresö,Sweden,"Vendelsövägen 43,45 Tyresö Sweden",usable,59.2249877,18.2011102,way,154142548,OpenStreetMap via Overpass API
chain,ICA,retail_grocery,auto,ICA Supermarket Hofors,ICA Supermarket,,Grocery / convenience,supermarket,,,,Skolgatan,18,813 21,Hofors,Sweden,Skolgatan 18 813 21 Hofors Sweden,strict,60.5462222,16.2843424,way,155213517,OpenStreetMap via Overpass API
chain,ICA,retail_grocery,auto,ICA City Brämhult,ICA Kvantum,,Grocery / convenience,supermarket,,,,,,,,Sweden,"57.7286981,13.0041122",coordinates_only,57.7286981,13.0041122,way,155796107,OpenStreetMap via Overpass API
chain,ICA,retail_grocery,auto,ICA Kvantum,ICA Kvantum,,Grocery / convenience,supermarket,,,,Delfingatan,4,97334,Luleå,Sweden,Delfingatan 4 97334 Luleå Sweden,strict,65.5945715,22.1500191,way,155814828,OpenStreetMap via Overpass API
chain,ICA,retail_grocery,auto,ICA Kvantum,ICA Kvantum,,Grocery / convenience,supermarket,,,,,,,,Sweden,"59.6373831,16.5445518",coordinates_only,59.6373831,16.5445518,way,156596669,OpenStreetMap via Overpass API
chain,ICA,retail_grocery,auto,ICA Nära Storfors,ICA Nära,,Grocery / convenience,supermarket,,,,,,,,Sweden,"59.536598,14.2803123",coordinates_only,59.536598,14.2803123,way,156948195,OpenStreetMap via Overpass API
chain,ICA,retail_grocery,auto,ICA Supermarket Själevad,ICA Supermarket,,Grocery / convenience,supermarket,,,,Gottnevägen,2,,,Sweden,Gottnevägen 2 Sweden,usable,63.2951649,18.6212021,way,156960846,OpenStreetMap via Overpass API
chain,ICA,retail_grocery,auto,ICA Supermarket Östra,ICA Supermarket,,Grocery / convenience,supermarket,,,,Vintergatan,2,,,Sweden,Vintergatan 2 Sweden,usable,63.2944765,18.7272899,way,156985552,OpenStreetMap via Overpass API
chain,ICA,retail_grocery,auto,ICA Supermarket Grytan,ICA Supermarket,ICA,Grocery / convenience,supermarket,,,,Västra Järnvägsgatan,7,34260,MOHEDA,Sweden,Västra Järnvägsgatan 7 34260 MOHEDA Sweden,strict,57.0030567,14.5749992,way,157728928,OpenStreetMap via Overpass API
chain,ICA,retail_grocery,auto,ICA Nära Forsa,ICA Nära,,Grocery / convenience,supermarket,,,,,,,,Sweden,"61.7176389,16.9691075",coordinates_only,61.7176389,16.9691075,way,158256460,OpenStreetMap via Overpass API
chain,ICA,retail_grocery,auto,ICA Nära Porten,ICA Nära,,Grocery / convenience,supermarket,,,,,,,,Sweden,"62.9988722,14.3405164",coordinates_only,62.9988722,14.3405164,way,158294487,OpenStreetMap via Overpass API
chain,ICA,retail_grocery,auto,Ica Haga,ICA Supermarket,,Grocery / convenience,supermarket,,,,,,,,Sweden,"59.6281161,16.5736861",coordinates_only,59.6281161,16.5736861,way,158328136,OpenStreetMap via Overpass API
chain,ICA,retail_grocery,auto,Ica Supermarket,ICA Supermarket,,Grocery / convenience,supermarket,,,,Kusforsvägen,3,,,Sweden,Kusforsvägen 3 Sweden,usable,64.9136652,19.4812364,way,158944320,OpenStreetMap via Overpass API
chain,ICA,retail_grocery,auto,ICA Supermarket Pilen,ICA Supermarket,ICA,Grocery / convenience,supermarket,,,,,,,,Sweden,"60.1416705,15.4133784",coordinates_only,60.1416705,15.4133784,way,160961552,OpenStreetMap via Overpass API
chain,ICA,retail_grocery,auto,ICA Resarö,ICA Nära,,Grocery / convenience,supermarket,,,,Överbyvägen,4,,Vaxholm,Sweden,Överbyvägen 4 Vaxholm Sweden,usable,59.4292619,18.3355051,way,161190360,OpenStreetMap via Overpass API
chain,ICA,retail_grocery,auto,ICA Nära Skarpnäck,ICA Nära,,Grocery / convenience,supermarket,,,,Skarpnäcks Allé,,,,Sweden,Skarpnäcks Allé Sweden,usable,59.267949,18.1270149,way,161775576,OpenStreetMap via Overpass API
chain,ICA,retail_grocery,auto,ICA Supermarket Kållekärr,ICA Supermarket,,Grocery / convenience,supermarket,,,,,50,47193,Kållekärr,Sweden,50 47193 Kållekärr Sweden,usable,58.0242449,11.6543705,way,164292900,OpenStreetMap via Overpass API
chain,ICA,retail_grocery,auto,Ica Kvantum,ICA Kvantum,,Grocery / convenience,supermarket,,,,,,,,Sweden,"60.1453492,16.1740638",coordinates_only,60.1453492,16.1740638,way,165885643,OpenStreetMap via Overpass API
chain,ICA,retail_grocery,auto,ICA Nära Marcus,ICA Nära,,Grocery / convenience,supermarket,,,,,,,,Sweden,"58.3128054,14.9232357",coordinates_only,58.3128054,14.9232357,way,168645458,OpenStreetMap via Overpass API
chain,ICA,retail_grocery,auto,ICA Kvantum,ICA Kvantum,,Grocery / convenience,supermarket,,,,,,,,Sweden,"57.3030188,13.5438982",coordinates_only,57.3030188,13.5438982,way,168775804,OpenStreetMap via Overpass API
chain,ICA,retail_grocery,auto,ICA Nära Skansen,ICA Nära,,Grocery / convenience,supermarket,,,,Köpmangatan,21C,386 50,Mörbylånga,Sweden,Köpmangatan 21C 386 50 Mörbylånga Sweden,strict,56.5256073,16.3856012,way,169018581,OpenStreetMap via Overpass API
chain,ICA,retail_grocery,auto,ICA Kvantum,ICA Kvantum,,Grocery / convenience,supermarket,,,,Expovägen,2,33142,Värnamo,Sweden,Expovägen 2 33142 Värnamo Sweden,strict,57.1753682,14.0616343,way,169613606,OpenStreetMap via Overpass API
chain,ICA,retail_grocery,auto,ICA Nära Krysset,ICA Nära,,Grocery / convenience,supermarket,,,,,,,,Sweden,"57.3206988,15.5768309",coordinates_only,57.3206988,15.5768309,way,170599322,OpenStreetMap via Overpass API
chain,ICA,retail_grocery,auto,ICA Supermarket Bromma,ICA Supermarket,,Grocery / convenience,supermarket,,,,Spångavägen,172,16859,Bromma,Sweden,Spångavägen 172 16859 Bromma Sweden,strict,59.3566441,17.9114325,way,170694996,OpenStreetMap via Overpass API
chain,ICA,retail_grocery,auto,ICA Maxi,Maxi ICA Stormarknad,,Grocery / convenience,supermarket,,,,Siljanssågsvägen,15,79250,Mora,Sweden,Siljanssågsvägen 15 79250 Mora Sweden,strict,61.0060633,14.595943,way,171860466,OpenStreetMap via Overpass API
chain,ICA,retail_grocery,auto,ICA Nära,ICA Nära,,Grocery / convenience,supermarket,,,,,,,,Sweden,"57.2739797,17.0513948",coordinates_only,57.2739797,17.0513948,way,172046904,OpenStreetMap via Overpass API
chain,ICA,retail_grocery,auto,ICA Supermarket Cityhallen,ICA Supermarket,,Grocery / convenience,supermarket,,,,,,,,Sweden,"59.0433714,15.8729405",coordinates_only,59.0433714,15.8729405,way,172634418,OpenStreetMap via Overpass API
chain,ICA,retail_grocery,auto,ICA Nära Ottsjö-Bua,ICA Nära,,Grocery / convenience,supermarket,,,,,,,,Sweden,"63.2154272,13.0561435",coordinates_only,63.2154272,13.0561435,way,174948624,OpenStreetMap via Overpass API
chain,ICA,retail_grocery,auto,ICA Nära Sigtomta,ICA Nära,,Grocery / convenience,supermarket,,,,Tängstavägen,4,611 72,Stigtomta,Sweden,Tängstavägen 4 611 72 Stigtomta Sweden,strict,58.8056836,16.7818624,way,175080059,OpenStreetMap via Overpass API
chain,ICA,retail_grocery,auto,ICA Trossen,ICA Kvantum,,Grocery / convenience,supermarket,,,,,,,,Sweden,"58.9070227,17.5512521",coordinates_only,58.9070227,17.5512521,way,175509672,OpenStreetMap via Overpass API
chain,ICA,retail_grocery,auto,ICA Kvantum,ICA Kvantum,,Grocery / convenience,supermarket,,,,Bandygatan,5,571 31,Nässjö,Sweden,Bandygatan 5 571 31 Nässjö Sweden,strict,57.6486186,14.7010026,way,176235270,OpenStreetMap via Overpass API
chain,ICA,retail_grocery,auto,ICA Supermarket,ICA Supermarket,,Grocery / convenience,supermarket,,,,,,,,Sweden,"59.329431,14.5629987",coordinates_only,59.329431,14.5629987,way,179480539,OpenStreetMap via Overpass API
chain,ICA,retail_grocery,auto,ICA Nära,ICA Nära,ICA,Grocery / convenience,supermarket,,,,Trondheimsleden,,,Åre,Sweden,Trondheimsleden Åre Sweden,usable,63.3787154,13.151786,way,180633884,OpenStreetMap via Overpass API
chain,ICA,retail_grocery,auto,ICA Hökåsen,ICA Supermarket,,Grocery / convenience,supermarket,,,,,,,,Sweden,"59.663924,16.592602",coordinates_only,59.663924,16.592602,way,181261245,OpenStreetMap via Overpass API
chain,ICA,retail_grocery,auto,Ica Brasken,ICA Nära,,Grocery / convenience,supermarket,,,,Norsholmsvägen,24,,,Sweden,Norsholmsvägen 24 Sweden,usable,58.5065729,15.9724857,way,183336177,OpenStreetMap via Overpass API
chain,ICA,retail_grocery,auto,ICA Indianen,ICA Supermarket,,Grocery / convenience,supermarket,,,,Torsbyvägen,1,68360,Ekshärad,Sweden,Torsbyvägen 1 68360 Ekshärad Sweden,strict,60.1724685,13.4950687,way,183708946,OpenStreetMap via Overpass API
chain,ICA,retail_grocery,auto,ICA Kvantum Jätten,ICA Kvantum,,Grocery / convenience,supermarket,,,,,,,,Sweden,"58.2838589,12.313888",coordinates_only,58.2838589,12.313888,way,184129382,OpenStreetMap via Overpass API
chain,ICA,retail_grocery,auto,ICA Maxi Kristinehamn,Maxi ICA Stormarknad,,Grocery / convenience,supermarket,,,,Närkevägen,28,681 43,Kristinehamn,Sweden,Närkevägen 28 681 43 Kristinehamn Sweden,strict,59.3117404,14.1291106,way,185872775,OpenStreetMap via Overpass API
chain,ICA,retail_grocery,auto,ICA Nära,ICA Nära,ICA,Grocery / convenience,supermarket,,,,Brobygränd,,574 72,Landsbro,Sweden,Brobygränd 574 72 Landsbro Sweden,usable,57.3692674,14.8998343,way,186951896,OpenStreetMap via Overpass API
chain,ICA,retail_grocery,auto,ICA Nära Mathörnan,ICA Nära,,Grocery / convenience,supermarket,,,,Lingströmsgatan,4,,Mariannelund,Sweden,Lingströmsgatan 4 Mariannelund Sweden,usable,57.6158486,15.5720243,way,188349569,OpenStreetMap via Overpass API
chain,ICA,retail_grocery,auto,Ica Nära Liatorp,ICA Nära,ICA,Grocery / convenience,supermarket,,,,Växjövägen,500,343 74,Liatorp,Sweden,Växjövägen 500 343 74 Liatorp Sweden,strict,56.6652469,14.2612157,way,192324257,OpenStreetMap via Overpass API
chain,ICA,retail_grocery,auto,ICA Supermarket Hallstavik,ICA Supermarket,ICA,Grocery / convenience,supermarket,,,,Uppsalavägen,11,763 21,Hallstavik,Sweden,Uppsalavägen 11 763 21 Hallstavik Sweden,strict,60.0502343,18.5969275,way,193817385,OpenStreetMap via Overpass API
chain,ICA,retail_grocery,auto,ICA Supermarket Norahallen,ICA Supermarket,,Grocery / convenience,supermarket,,,,Storgatan,45,713 91,Nora,Sweden,Storgatan 45 713 91 Nora Sweden,strict,59.5121496,15.0230491,way,193899447,OpenStreetMap via Overpass API
chain,ICA,retail_grocery,auto,ICA Maxi Karlskoga,Maxi ICA Stormarknad,,Grocery / convenience,supermarket,,,,,,,,Sweden,"59.3281954,14.5070421",coordinates_only,59.3281954,14.5070421,way,194657488,OpenStreetMap via Overpass API
chain,ICA,retail_grocery,auto,"ICA Nära, Soltunet",ICA Nära,,Grocery / convenience,supermarket,,,,,,,,Sweden,"59.5269503,15.0286178",coordinates_only,59.5269503,15.0286178,way,194678456,OpenStreetMap via Overpass API
chain,ICA,retail_grocery,auto,ICA Nära,ICA Nära,,Grocery / convenience,supermarket,,,,Norgevägen,1,833 61,Gäddede,Sweden,Norgevägen 1 833 61 Gäddede Sweden,strict,64.4991321,14.1423107,way,194688689,OpenStreetMap via Overpass API
chain,ICA,retail_grocery,auto,ICA Supermarket Laxå,ICA Supermarket,,Grocery / convenience,supermarket,,,,Centrumtorget,22,69530,Laxå,Sweden,Centrumtorget 22 69530 Laxå Sweden,strict,58.9852475,14.6199158,way,195655611,OpenStreetMap via Overpass API
chain,ICA,retail_grocery,auto,ICA Supermarket Fagersta,ICA Supermarket,,Grocery / convenience,supermarket,,,,,,,,Sweden,"60.0049911,15.7913208",coordinates_only,60.0049911,15.7913208,way,195965724,OpenStreetMap via Overpass API
chain,ICA,retail_grocery,auto,ICA Kvantum,ICA Kvantum,ICA,Grocery / convenience,supermarket,,,,Kronbodgatan,4,93144,,Sweden,Kronbodgatan 4 93144 Sweden,usable,64.7556371,20.91713,way,197206300,OpenStreetMap via Overpass API
chain,ICA,retail_grocery,auto,ICA Nära Riksgränsen,ICA Nära,,Grocery / convenience,supermarket,,,,Riksgränsvägen,2A,981 94,Riksgränsen,Sweden,Riksgränsvägen 2A 981 94 Riksgränsen Sweden,strict,68.4282271,18.1186974,way,199044006,OpenStreetMap via Overpass API
chain,ICA,retail_grocery,auto,ICA Nära Malmahallen,ICA Nära,,Grocery / convenience,supermarket,,,,,,,,Sweden,"57.2802532,18.4709701",coordinates_only,57.2802532,18.4709701,way,203242134,OpenStreetMap via Overpass API
chain,ICA,retail_grocery,auto,ICA Kvantum,ICA Kvantum,,Grocery / convenience,supermarket,,,,Sommarvägen,2,,Gällivare,Sweden,Sommarvägen 2 Gällivare Sweden,usable,67.1477071,20.6620426,way,203775120,OpenStreetMap via Overpass API
chain,ICA,retail_grocery,auto,Maxi ICA Stormarknad Bromölla,Maxi ICA Stormarknad,ICA,Grocery / convenience,supermarket,,,,Tians Väg,4,295 39,Bromölla,Sweden,Tians Väg 4 295 39 Bromölla Sweden,strict,56.066817,14.4800661,way,204144406,OpenStreetMap via Overpass API
chain,ICA,retail_grocery,auto,ICA Nära Dorohallen,ICA Nära,,Grocery / convenience,supermarket,,,,,,,,Sweden,"64.2617797,16.4152122",coordinates_only,64.2617797,16.4152122,way,204313312,OpenStreetMap via Overpass API
chain,ICA,retail_grocery,auto,ICA Supermarket Söndrum,ICA Supermarket,,Grocery / convenience,supermarket,,,,,,,,Sweden,"56.6604218,12.8048976",coordinates_only,56.6604218,12.8048976,way,204493911,OpenStreetMap via Overpass API
chain,ICA,retail_grocery,auto,ICA Supermarket Tollarp,ICA Supermarket,ICA,Grocery / convenience,supermarket,,,,Hansavägen,1,298 31,Tollarp,Sweden,Hansavägen 1 298 31 Tollarp Sweden,strict,55.9328575,13.9769465,way,205875717,OpenStreetMap via Overpass API
chain,ICA,retail_grocery,auto,"ICA Nära Mårtenssons, Lomma",ICA Nära,,Grocery / convenience,supermarket,,,,Strandvägen,167,,,Sweden,Strandvägen 167 Sweden,usable,55.6696162,13.0686224,way,206320783,OpenStreetMap via Overpass API
chain,ICA,retail_grocery,auto,ICA Supermarket Lomma,ICA Supermarket,,Grocery / convenience,supermarket,,,,Skolskeppsgatan,2,,Lomma,Sweden,Skolskeppsgatan 2 Lomma Sweden,usable,55.6686547,13.0883215,way,206459809,OpenStreetMap via Overpass API
chain,ICA,retail_grocery,auto,ICA Maxi Vasa Handelsplats,Maxi ICA Stormarknad,ICA,Grocery / convenience,supermarket,,,,,,,,Sweden,"59.1873906,17.5791145",coordinates_only,59.1873906,17.5791145,way,206897155,OpenStreetMap via Overpass API
chain,ICA,retail_grocery,auto,ICA Nära Gränna,ICA Nära,,Grocery / convenience,supermarket,,,,Hävdevägen,9,56331,Gränna,Sweden,Hävdevägen 9 56331 Gränna Sweden,strict,58.0242243,14.4664208,way,207208642,OpenStreetMap via Overpass API
chain,ICA,retail_grocery,auto,ICA Supermarket Skeppet,ICA Supermarket,,Grocery / convenience,supermarket,,,,,,,,Sweden,"59.3657269,17.2089386",coordinates_only,59.3657269,17.2089386,way,209681716,OpenStreetMap via Overpass API
chain,ICA,retail_grocery,auto,ICA Nära Strömmen,ICA Nära,,Grocery / convenience,supermarket,,,,Prästbordet,103,,Noraström,Sweden,Prästbordet 103 Noraström Sweden,usable,62.8713052,18.0839249,way,210587781,OpenStreetMap via Overpass API
chain,ICA,retail_grocery,auto,ICA Träffen,ICA Nära,,Grocery / convenience,supermarket,,,,,,,,Sweden,"55.5167751,13.0012386",coordinates_only,55.5167751,13.0012386,way,210918314,OpenStreetMap via Overpass API
chain,ICA,retail_grocery,auto,ICA Supermarket Bunkeflostrand,ICA Supermarket,,Grocery / convenience,supermarket,,,,Klagshamnsvägen,40,21837,Bunkeflostrand,Sweden,Klagshamnsvägen 40 21837 Bunkeflostrand Sweden,strict,55.5553001,12.9195731,way,211713797,OpenStreetMap via Overpass API
chain,ICA,retail_grocery,auto,ICA Gruvhallen Livs,ICA Nära,ICA,Grocery / convenience,supermarket,,,,Stora Hagvägen,26,772 30,Grängesberg,Sweden,Stora Hagvägen 26 772 30 Grängesberg Sweden,strict,60.0753033,15.0083508,way,212391041,OpenStreetMap via Overpass API
chain,ICA,retail_grocery,auto,ICA Nära Duved,ICA Nära,,Grocery / convenience,supermarket,,,,,,,,Sweden,"63.3928093,12.9201491",coordinates_only,63.3928093,12.9201491,way,214356735,OpenStreetMap via Overpass API
chain,ICA,retail_grocery,auto,ICA Ornäs Handel,ICA Nära,ICA,Grocery / convenience,supermarket,,,,,,,,Sweden,"60.5086596,15.5416701",coordinates_only,60.5086596,15.5416701,way,214771836,OpenStreetMap via Overpass API
chain,ICA,retail_grocery,auto,Maxi ICA Stormarknad Enköping,Maxi ICA Stormarknad,,Grocery / convenience,supermarket,,,,Vagnsgatan,3,745 37,Enköping,Sweden,Vagnsgatan 3 745 37 Enköping Sweden,strict,59.6521518,17.0870875,way,215109046,OpenStreetMap via Overpass API
chain,ICA,retail_grocery,auto,ICA Supermarket Kronhallen,ICA Supermarket,,Grocery / convenience,supermarket,,,,Medborgargatan,2,69330,,Sweden,Medborgargatan 2 69330 Sweden,usable,59.235662,14.4308935,way,216581632,OpenStreetMap via Overpass API
chain,ICA,retail_grocery,auto,Ica Nära Oxie,ICA Nära,,Grocery / convenience,supermarket,,,,,,,,Sweden,"55.5498545,13.0963953",coordinates_only,55.5498545,13.0963953,way,216961367,OpenStreetMap via Overpass API
chain,ICA,retail_grocery,auto,ICA Matpunkten,ICA Supermarket,,Grocery / convenience,supermarket,,,,Norra Järnvägsgatan,58,827 32,Ljusdal,Sweden,Norra Järnvägsgatan 58 827 32 Ljusdal Sweden,strict,61.8237493,16.1082685,way,216991150,OpenStreetMap via Overpass API
chain,ICA,retail_grocery,auto,Maxi ICA Stormarknad Toftanäs,Maxi ICA Stormarknad,,Grocery / convenience,supermarket,,,,Topplocksgatan,10,21241,Malmö,Sweden,Topplocksgatan 10 21241 Malmö Sweden,strict,55.5973526,13.0982732,way,219177011,OpenStreetMap via Overpass API
chain,ICA,retail_grocery,auto,ICA Nära Bergshamra,ICA Nära,ICA,Grocery / convenience,supermarket,,,,Virkesvägen,1,,Bergshamra,Sweden,Virkesvägen 1 Bergshamra Sweden,usable,59.637034,18.6541713,way,219736544,OpenStreetMap via Overpass API
chain,ICA,retail_grocery,auto,ICA Supermarket Gimo,ICA Supermarket,,Grocery / convenience,supermarket,,,,Köpmangatan,1,747 43,Gimo,Sweden,Köpmangatan 1 747 43 Gimo Sweden,strict,60.1730721,18.1856031,way,220590021,OpenStreetMap via Overpass API
chain,ICA,retail_grocery,auto,ICA Kvantum Vellinge,ICA Kvantum,,Grocery / convenience,supermarket,,,,Järnvägsgatan,2,,Vellinge,Sweden,Järnvägsgatan 2 Vellinge Sweden,usable,55.4715923,13.0208486,way,220666819,OpenStreetMap via Overpass API
chain,ICA,retail_grocery,auto,Ica Maxi Stormarknad,Maxi ICA Stormarknad,,Grocery / convenience,supermarket,,,,Afrodites väg,6,134 44,Värmdö,Sweden,Afrodites väg 6 134 44 Värmdö Sweden,strict,59.311894,18.4269917,way,221658763,OpenStreetMap via Overpass API
chain,ICA,retail_grocery,auto,Maxi ICA Stormarknad Högskolan,Maxi ICA Stormarknad,,Grocery / convenience,supermarket,,,,Kristian IV:s väg,3,,,Sweden,Kristian IV:s väg 3 Sweden,usable,56.6638911,12.8761471,way,225285015,OpenStreetMap via Overpass API
chain,ICA,retail_grocery,auto,ICA Nära Wohlfarts Varuhall,ICA Nära,,Grocery / convenience,supermarket,,,,,,,,Sweden,"57.800173,15.7148663",coordinates_only,57.800173,15.7148663,way,226351520,OpenStreetMap via Overpass API
chain,ICA,retail_grocery,auto,ICA Parken,ICA Supermarket,,Grocery / convenience,supermarket,,,,Adolf Mörners plan,4,70228,Örebro,Sweden,Adolf Mörners plan 4 70228 Örebro Sweden,strict,59.2469609,15.1666702,way,227404151,OpenStreetMap via Overpass API
chain,ICA,retail_grocery,auto,Ica Trevehallen,ICA Nära,,Grocery / convenience,supermarket,,,,,,,,Sweden,"59.4944129,18.2809995",coordinates_only,59.4944129,18.2809995,way,227755859,OpenStreetMap via Overpass API
chain,ICA,retail_grocery,auto,Ica Utö,ICA Nära,,Grocery / convenience,supermarket,,,,,,,,Sweden,"58.9692936,18.3220486",coordinates_only,58.9692936,18.3220486,way,229110286,OpenStreetMap via Overpass API
chain,ICA,retail_grocery,auto,ICA Åhströms livs,ICA Nära,ICA,Grocery / convenience,supermarket,,,,Åhströms väg,1,68393,Råda,Sweden,Åhströms väg 1 68393 Råda Sweden,strict,60.0097651,13.5992365,way,229911632,OpenStreetMap via Overpass API
chain,ICA,retail_grocery,auto,ICA Supermarket Fontänen,ICA Supermarket,,Grocery / convenience,supermarket,,,,Centralvägen,5,737 32,Fagersta,Sweden,Centralvägen 5 737 32 Fagersta Sweden,strict,59.9893153,15.8150725,way,230515148,OpenStreetMap via Overpass API
chain,ICA,retail_grocery,auto,ICA Supermarket Kalix,ICA Supermarket,,Grocery / convenience,supermarket,,,,,,,,Sweden,"65.8545778,23.137611",coordinates_only,65.8545778,23.137611,way,230896389,OpenStreetMap via Overpass API
chain,ICA,retail_grocery,auto,ICA Supermarket Järpen,ICA Supermarket,Ica,Grocery / convenience,supermarket,,,,Strandvägen,10,83731,Järpen,Sweden,Strandvägen 10 83731 Järpen Sweden,strict,63.347013,13.4559726,way,231216161,OpenStreetMap via Overpass API
chain,ICA,retail_grocery,auto,ICA Kvantum,,,Grocery / convenience,supermarket,,,,Agavägen,3,18139,Lidingö,Sweden,Agavägen 3 18139 Lidingö Sweden,strict,59.3494319,18.1468257,way,231374288,OpenStreetMap via Overpass API
chain,ICA,retail_grocery,auto,Ica Nära Åsele,ICA Nära,ICA Sverige AB,Grocery / convenience,supermarket,,,,Centralgatan,32,91931,Åsele,Sweden,Centralgatan 32 91931 Åsele Sweden,strict,64.1606412,17.3541637,way,232020516,OpenStreetMap via Overpass API
chain,ICA,retail_grocery,auto,ICA Supermarket,ICA Supermarket,,Grocery / convenience,supermarket,,,,Köpmansgatan,1,,Kävlinge,Sweden,Köpmansgatan 1 Kävlinge Sweden,usable,55.7893261,13.104335,way,233818939,OpenStreetMap via Overpass API
chain,ICA,retail_grocery,auto,ICA Nära Alexius Livs,ICA Nära,,Grocery / convenience,supermarket,,,,,,,,Sweden,"57.714096,11.6506712",coordinates_only,57.714096,11.6506712,way,236883070,OpenStreetMap via Overpass API
chain,ICA,retail_grocery,auto,ICA Supermarket Slagsta,ICA Supermarket,,Grocery / convenience,supermarket,,,,Brusensgatan,11,63347,Eskilstuna,Sweden,Brusensgatan 11 63347 Eskilstuna Sweden,strict,59.3931149,16.4900042,way,237099620,OpenStreetMap via Overpass API
chain,ICA,retail_grocery,auto,ICA Supermarket Stenby,ICA Supermarket,,Grocery / convenience,supermarket,,,,,,,,Sweden,"59.3566583,16.4746193",coordinates_only,59.3566583,16.4746193,way,237104582,OpenStreetMap via Overpass API
chain,ICA,retail_grocery,auto,Ica Supermarket Östhammar,ICA Supermarket,,Grocery / convenience,supermarket,,,,,,,,Sweden,"60.2599979,18.3724404",coordinates_only,60.2599979,18.3724404,way,237815687,OpenStreetMap via Overpass API
chain,ICA,retail_grocery,auto,ICA Kvantum Tomelilla,ICA Kvantum,,Grocery / convenience,supermarket,,,,Banmästaregatan,2,273 34,Tomelilla,Sweden,Banmästaregatan 2 273 34 Tomelilla Sweden,strict,55.5458788,13.9457836,way,238127150,OpenStreetMap via Overpass API
chain,ICA,retail_grocery,auto,ICA nära Öregrund,ICA Nära,,Grocery / convenience,supermarket,,,,,,,,Sweden,"60.3390033,18.4408161",coordinates_only,60.3390033,18.4408161,way,238167958,OpenStreetMap via Overpass API
chain,ICA,retail_grocery,auto,ICA Träffen,ICA Nära,,Grocery / convenience,supermarket,,,,Mullhytte Letstig,17,716 94,Mullhyttan,Sweden,Mullhytte Letstig 17 716 94 Mullhyttan Sweden,strict,59.1525145,14.6894988,way,239055947,OpenStreetMap via Overpass API
chain,ICA,retail_grocery,auto,ICA Kvantum Hörby,ICA Kvantum,ICA,Grocery / convenience,supermarket,,,,Ringsjövägen,7,24231,Hörby,Sweden,Ringsjövägen 7 24231 Hörby Sweden,strict,55.849107,13.6475752,way,239481925,OpenStreetMap via Overpass API
chain,ICA,retail_grocery,auto,ICA Supermarket Asplunds,ICA Supermarket,ICA,Grocery / convenience,supermarket,,,,Västermovägen,18,732 49,Arboga,Sweden,Västermovägen 18 732 49 Arboga Sweden,strict,59.3853415,15.8416388,way,240186460,OpenStreetMap via Overpass API
chain,ICA,retail_grocery,auto,ICA Nära Matboa,ICA Nära,,Grocery / convenience,supermarket,,,,Tavelsjövägen,84,92263,Tavelsjö,Sweden,Tavelsjövägen 84 92263 Tavelsjö Sweden,strict,64.0382452,20.0601088,way,241323933,OpenStreetMap via Overpass API
chain,ICA,retail_grocery,auto,ICA Nära Anderslöv,ICA Nära,,Grocery / convenience,supermarket,,,,,,,,Sweden,"55.4390211,13.3171179",coordinates_only,55.4390211,13.3171179,way,241495165,OpenStreetMap via Overpass API
chain,ICA,retail_grocery,auto,ICA Nära,ICA Nära,ICA,Grocery / convenience,supermarket,,,,Norra Kvistoftavägen,21,253 73,Gantofta,Sweden,Norra Kvistoftavägen 21 253 73 Gantofta Sweden,strict,55.9877453,12.8056142,way,242185966,OpenStreetMap via Overpass API
chain,ICA,retail_grocery,auto,ICA Supermarket Vallås,ICA Supermarket,ICA,Grocery / convenience,supermarket,,,,Vallås Torg,20,30258,Halmstad,Sweden,Vallås Torg 20 30258 Halmstad Sweden,strict,56.6769616,12.9099309,way,242718838,OpenStreetMap via Overpass API
chain,ICA,retail_grocery,auto,ICA Nära Beddingestrand,ICA Nära,,Grocery / convenience,supermarket,,,,Beddinge Strandväg,104,,Beddingestrand,Sweden,Beddinge Strandväg 104 Beddingestrand Sweden,usable,55.3611791,13.4243022,way,243284140,OpenStreetMap via Overpass API
chain,ICA,retail_grocery,auto,ICA Supermarket,ICA Supermarket,,Grocery / convenience,supermarket,,,,,,,,Sweden,"55.4903446,13.4873004",coordinates_only,55.4903446,13.4873004,way,243665405,OpenStreetMap via Overpass API
chain,ICA,retail_grocery,auto,ICA Nära,ICA Nära,,Grocery / convenience,supermarket,,,,Fränstavägen,244,841 72,Fränsta,Sweden,Fränstavägen 244 841 72 Fränsta Sweden,strict,62.4980652,16.1788958,way,245086620,OpenStreetMap via Overpass API
chain,ICA,retail_grocery,auto,ICA Nära Stavsnäshallen,ICA Nära,,Grocery / convenience,supermarket,,,,Storskogsvägen,1,139 71,Stavsnäs,Sweden,Storskogsvägen 1 139 71 Stavsnäs Sweden,strict,59.286827,18.6890013,way,245617723,OpenStreetMap via Overpass API
chain,ICA,retail_grocery,auto,ICA Nära Rostedts,ICA Nära,,Grocery / convenience,supermarket,,,,Sandsjövägen,19,,Bodafors,Sweden,Sandsjövägen 19 Bodafors Sweden,usable,57.5062154,14.7015437,way,246734500,OpenStreetMap via Overpass API
chain,ICA,retail_grocery,auto,Ica Supermarket Odenhallen,ICA Supermarket,,Grocery / convenience,supermarket,,,,,,,,Sweden,"59.156527,15.5250143",coordinates_only,59.156527,15.5250143,way,248691354,OpenStreetMap via Overpass API
chain,ICA,retail_grocery,auto,ICA Nära Ge-Me Livs,ICA Nära,ICA,Grocery / convenience,supermarket,,,,Stationsvägen,2,27172,Köpingebro,Sweden,Stationsvägen 2 27172 Köpingebro Sweden,strict,55.4560709,13.9344887,way,249203058,OpenStreetMap via Overpass API
chain,ICA,retail_grocery,auto,Maxi ICA Stormarknad Vetlanda,Maxi ICA Stormarknad,ICA,Grocery / convenience,supermarket,,,,Nygatan,3,,Vetlanda,Sweden,Nygatan 3 Vetlanda Sweden,usable,57.4255886,15.0959604,way,249359508,OpenStreetMap via Overpass API
chain,ICA,retail_grocery,auto,ICA Maxi Stormarknad Falköping,Maxi ICA Stormarknad,,Grocery / convenience,supermarket,,,,Lönnerbladsgatan,2,52140,Falköping,Sweden,Lönnerbladsgatan 2 52140 Falköping Sweden,strict,58.154256,13.5633885,way,249412482,OpenStreetMap via Overpass API
chain,ICA,retail_grocery,auto,ICA nära Lundbergs,ICA Nära,,Grocery / convenience,supermarket,,,,,,,,Sweden,"57.629415,15.343341",coordinates_only,57.629415,15.343341,way,249552322,OpenStreetMap via Overpass API
chain,ICA,retail_grocery,auto,ICA Nära Järbo,ICA Nära,,Grocery / convenience,supermarket,,,,Kungsforsvägen,12,81171,Järbo,Sweden,Kungsforsvägen 12 81171 Järbo Sweden,strict,60.7151183,16.5978394,way,249594959,OpenStreetMap via Overpass API
chain,ICA,retail_grocery,auto,ICA Supermarket Bommen,ICA Supermarket,,Grocery / convenience,supermarket,,,,,,,,Sweden,"62.2698018,17.3725145",coordinates_only,62.2698018,17.3725145,way,250560485,OpenStreetMap via Overpass API
chain,ICA,retail_grocery,auto,Ica Supermarket Bergsviken,ICA Supermarket,,Grocery / convenience,supermarket,,,,,,,Bergsviken,Sweden,Bergsviken Sweden,usable,65.3079656,21.3888641,way,252817663,OpenStreetMap via Overpass API
chain,ICA,retail_grocery,auto,ICA Nära,ICA Nära,ICA,Grocery / convenience,supermarket,,,,Torngatan,10,57435,Vetlanda,Sweden,Torngatan 10 57435 Vetlanda Sweden,strict,57.429427,15.0686141,way,253901993,OpenStreetMap via Overpass API
chain,ICA,retail_grocery,auto,ICA Supermarket Falköping,ICA Supermarket,,Grocery / convenience,supermarket,,,,Falegatan,11A,521 33,Falköping,Sweden,Falegatan 11A 521 33 Falköping Sweden,strict,58.1749249,13.5538513,way,254245122,OpenStreetMap via Overpass API
chain,ICA,retail_grocery,auto,ICA Supermarket Ystad,ICA Supermarket,,Grocery / convenience,supermarket,,,,,,,,Sweden,"55.4344154,13.8414102",coordinates_only,55.4344154,13.8414102,way,254409875,OpenStreetMap via Overpass API
chain,ICA,retail_grocery,auto,Ica Kvantum Klockaretorpet,ICA Kvantum,,Grocery / convenience,supermarket,,,,Folkborgsvägen,1,603 80,Norrköping,Sweden,Folkborgsvägen 1 603 80 Norrköping Sweden,strict,58.5820298,16.1412811,way,255800808,OpenStreetMap via Overpass API
chain,ICA,retail_grocery,auto,ICA Nära Åtorp,ICA Nära,,Grocery / convenience,supermarket,,,,,,,,Sweden,"59.1163748,14.3663161",coordinates_only,59.1163748,14.3663161,way,256678186,OpenStreetMap via Overpass API
chain,ICA,retail_grocery,auto,ICA Supermarket,ICA Supermarket,,Grocery / convenience,supermarket,,,,Storgatan,54,57832,Aneby,Sweden,Storgatan 54 57832 Aneby Sweden,strict,57.8393642,14.8190158,way,256841586,OpenStreetMap via Overpass API
chain,ICA,retail_grocery,auto,ICA Nära Svärtinge,ICA Nära,,Grocery / convenience,supermarket,,,,Stugvägen,2,,Svärtinge,Sweden,Stugvägen 2 Svärtinge Sweden,usable,58.6492858,16.0286304,way,257940415,OpenStreetMap via Overpass API
chain,ICA,retail_grocery,auto,ICA Supermarket Alunda,ICA Supermarket,,Grocery / convenience,supermarket,,,,Centrumvägen,1,747 31,Alunda,Sweden,Centrumvägen 1 747 31 Alunda Sweden,strict,60.0641007,18.0808406,way,260426402,OpenStreetMap via Overpass API
chain,ICA,retail_grocery,auto,Maxi ICA Stormarknad Älmhult,Maxi ICA Stormarknad,ICA,Grocery / convenience,supermarket,,,,Silverdalsgatan,3,343 31,Älmhult,Sweden,Silverdalsgatan 3 343 31 Älmhult Sweden,strict,56.5571091,14.1460216,way,260678282,OpenStreetMap via Overpass API
chain,ICA,retail_grocery,auto,Ica Olofssons Lanthandel,ICA Nära,ICA Nära Olofssons Lanthandel,Grocery / convenience,supermarket,,,,,,,,Sweden,"65.3736625,21.156074",coordinates_only,65.3736625,21.156074,way,262478281,OpenStreetMap via Overpass API
chain,ICA,retail_grocery,auto,Ica Nära,Ica Nära,,Grocery / convenience,supermarket,,,,Längbrotorg,10,70366,Örebro,Sweden,Längbrotorg 10 70366 Örebro Sweden,strict,59.282696,15.2267187,way,263103477,OpenStreetMap via Overpass API
chain,ICA,retail_grocery,auto,ICA Supermarket Rimbo,ICA Supermarket,,Grocery / convenience,supermarket,,,,Norrtäljevägen,6,762 22,Rimbo,Sweden,Norrtäljevägen 6 762 22 Rimbo Sweden,strict,59.7445779,18.3781446,way,263299106,OpenStreetMap via Overpass API
chain,ICA,retail_grocery,auto,Maxi ICA Stormarknad Kungsbacka,Maxi ICA Stormarknad,ICA,Grocery / convenience,supermarket,,,,,,,,Sweden,"57.5162793,12.0741735",coordinates_only,57.5162793,12.0741735,way,264727228,OpenStreetMap via Overpass API
chain,ICA,retail_grocery,auto,ICA Likenäs Allköp,ICA Nära,,Grocery / convenience,supermarket,,,,,,,,Sweden,"60.6158168,13.0412892",coordinates_only,60.6158168,13.0412892,way,264739073,OpenStreetMap via Overpass API
chain,ICA,retail_grocery,auto,ICA Trumpeten,ICA Nära,,Grocery / convenience,supermarket,,,,Alfarvägen,91,,Borlänge,Sweden,Alfarvägen 91 Borlänge Sweden,usable,60.5027855,15.4134696,way,265442481,OpenStreetMap via Overpass API
chain,ICA,retail_grocery,auto,ICA Tallen,ICA Supermarket,,Grocery / convenience,supermarket,,,,Volgsjövägen,36,912 32,Vilhelmina,Sweden,Volgsjövägen 36 912 32 Vilhelmina Sweden,strict,64.6247886,16.6545403,way,267304376,OpenStreetMap via Overpass API
chain,ICA,retail_grocery,auto,ICA Nära Mathuset,ICA Nära,ICA,Grocery / convenience,supermarket,,,,,,,,Sweden,"55.8635757,13.1536144",coordinates_only,55.8635757,13.1536144,way,268928814,OpenStreetMap via Overpass API
chain,ICA,retail_grocery,auto,ICA Nära,ICA Nära,,Grocery / convenience,supermarket,,,,,,,,Sweden,"58.9843948,12.2493454",coordinates_only,58.9843948,12.2493454,way,270315450,OpenStreetMap via Overpass API
chain,ICA,retail_grocery,auto,ICA Blidö,ICA Nära,,Grocery / convenience,supermarket,,,,,,,,Sweden,"59.637366,18.9505118",coordinates_only,59.637366,18.9505118,way,270536216,OpenStreetMap via Overpass API
chain,ICA,retail_grocery,auto,ICA Supermarket Färgelanda,ICA Supermarket,,Grocery / convenience,supermarket,,,,,,,,Sweden,"58.5685127,11.9972365",coordinates_only,58.5685127,11.9972365,way,270715438,OpenStreetMap via Overpass API
chain,ICA,retail_grocery,auto,ICA Supermarket Remsle,ICA Supermarket,,Grocery / convenience,supermarket,,,,Norra Ådalsvägen,61,881 50,Sollefteå,Sweden,Norra Ådalsvägen 61 881 50 Sollefteå Sweden,strict,63.1779008,17.2742733,way,271442769,OpenStreetMap via Overpass API
chain,ICA,retail_grocery,auto,ICA Löberöd,ICA Nära,,Grocery / convenience,supermarket,,,,,,,,Sweden,"55.7755435,13.5136361",coordinates_only,55.7755435,13.5136361,way,271904002,OpenStreetMap via Overpass API
chain,ICA,retail_grocery,auto,ICA Supermarket Riddaren,ICA Supermarket,ICA,Grocery / convenience,supermarket,,,,Torggatan,10,54832,Hova,Sweden,Torggatan 10 54832 Hova Sweden,strict,58.8573332,14.2165967,way,273822839,OpenStreetMap via Overpass API
chain,ICA,retail_grocery,auto,ICA Nära Rottnahallen,ICA Nära,,Grocery / convenience,supermarket,,,,,,,,Sweden,"59.9461765,12.9106834",coordinates_only,59.9461765,12.9106834,way,275021118,OpenStreetMap via Overpass API
chain,ICA,retail_grocery,auto,ICA Supermarket Hede,ICA Supermarket,,Grocery / convenience,supermarket,,,,Storgatan,16,840 93,Hede,Sweden,Storgatan 16 840 93 Hede Sweden,strict,62.418165,13.5117976,way,275358003,OpenStreetMap via Overpass API
chain,ICA,retail_grocery,auto,ICA Kvantum Filipstad,ICA Kvantum,,Grocery / convenience,supermarket,,,,Konsul Lundströmsväg,1,682 33,Filipstad,Sweden,Konsul Lundströmsväg 1 682 33 Filipstad Sweden,strict,59.7130013,14.156749,way,276290643,OpenStreetMap via Overpass API
chain,ICA,retail_grocery,auto,Ica Gräddö,ICA Nära,,Grocery / convenience,supermarket,,,,,,,,Sweden,"59.7622463,19.0366321",coordinates_only,59.7622463,19.0366321,way,277545770,OpenStreetMap via Overpass API
chain,ICA,retail_grocery,auto,ICA Supermarket,ICA Supermarket,ICA,Grocery / convenience,supermarket,,,,Hamngatan,11,921 31,Lycksele,Sweden,Hamngatan 11 921 31 Lycksele Sweden,strict,64.5954827,18.6800985,way,278010583,OpenStreetMap via Overpass API
chain,ICA,retail_grocery,auto,ICA Nära Strandhallen,ICA Nära,,Grocery / convenience,supermarket,,,,,,,,Sweden,"59.0790776,17.0119387",coordinates_only,59.0790776,17.0119387,way,278016965,OpenStreetMap via Overpass API
chain,ICA,retail_grocery,auto,ICA Matmästaren,ICA Nära,,Grocery / convenience,supermarket,,,,Västergatan,31,26020,,Sweden,Västergatan 31 26020 Sweden,usable,55.8664313,13.0896352,way,280013888,OpenStreetMap via Overpass API
chain,ICA,retail_grocery,auto,Ica Nära Berghallen,ICA Nära,,Grocery / convenience,supermarket,,,,,,,,Sweden,"59.8319799,15.6935712",coordinates_only,59.8319799,15.6935712,way,280784719,OpenStreetMap via Overpass API
chain,ICA,retail_grocery,auto,"ICA Nära Ässet, Forsheda",ICA Nära,,Grocery / convenience,supermarket,,,,Brogatan,4,,Forsheda,Sweden,Brogatan 4 Forsheda Sweden,usable,57.1644414,13.8289507,way,282743797,OpenStreetMap via Overpass API
chain,ICA,retail_grocery,auto,ICA Nära Grimslöv,ICA Nära,ICA,Grocery / convenience,supermarket,,,,Stationsgatan,15,34254,GRIMSLÖV,Sweden,Stationsgatan 15 34254 GRIMSLÖV Sweden,strict,56.7374322,14.542217,way,288617427,OpenStreetMap via Overpass API
chain,ICA,retail_grocery,auto,ICA Nordingrå,ICA Nära,,Grocery / convenience,supermarket,,,,,,,,Sweden,"62.930143,18.2923686",coordinates_only,62.930143,18.2923686,way,288633036,OpenStreetMap via Overpass API
chain,ICA,retail_grocery,auto,ICA Kvantum Tranemo,ICA Kvantum,ICA,Grocery / convenience,supermarket,,,,,,,,Sweden,"57.4828662,13.3496008",coordinates_only,57.4828662,13.3496008,way,288951499,OpenStreetMap via Overpass API
chain,ICA,retail_grocery,auto,ICA Nära Junsele,ICA Nära,,Grocery / convenience,supermarket,,,,,,,,Sweden,"63.6960134,16.8811355",coordinates_only,63.6960134,16.8811355,way,289299450,OpenStreetMap via Overpass API
chain,ICA,retail_grocery,auto,ICA Nära Nyplan,ICA Nära,,Grocery / convenience,supermarket,,,,,,,,Sweden,"61.2606004,17.1485903",coordinates_only,61.2606004,17.1485903,way,289812029,OpenStreetMap via Overpass API
chain,ICA,retail_grocery,auto,ICA Nära Stugun,ICA Nära,,Grocery / convenience,supermarket,,,,Industrivägen,2,83076,Stugun,Sweden,Industrivägen 2 83076 Stugun Sweden,strict,63.1677473,15.6054334,way,290219408,OpenStreetMap via Overpass API
chain,ICA,retail_grocery,auto,ICA Supermarket Sörberge,ICA Supermarket,,Grocery / convenience,supermarket,,,,Mogatan,1,,,Sweden,Mogatan 1 Sweden,usable,62.509744,17.3705196,way,290456212,OpenStreetMap via Overpass API
chain,ICA,retail_grocery,auto,ICA Supermarket Skåre,ICA Supermarket,Stjärnan i Skåre AB,Grocery / convenience,supermarket,,,,Centrumvägen,2,653 50,Karlstad,Sweden,Centrumvägen 2 653 50 Karlstad Sweden,strict,59.4348135,13.4402614,way,293884011,OpenStreetMap via Overpass API
chain,ICA,retail_grocery,auto,ICA Nära,ICA Nära,,Grocery / convenience,supermarket,,,,Olofsgatan,12,364 30,Åseda,Sweden,Olofsgatan 12 364 30 Åseda Sweden,strict,57.1721677,15.3446664,way,293930207,OpenStreetMap via Overpass API
chain,ICA,retail_grocery,auto,ICA Supermarket Skoghall,ICA Supermarket,,Grocery / convenience,supermarket,,,,Björkhagsgatan,9,66330,Skoghall,Sweden,Björkhagsgatan 9 66330 Skoghall Sweden,strict,59.3251033,13.4672693,way,294173576,OpenStreetMap via Overpass API
chain,ICA,retail_grocery,auto,ICA Supermarket Kivik,ICA Supermarket,ICA,Grocery / convenience,supermarket,,,,Killebacken,6,,,Sweden,Killebacken 6 Sweden,usable,55.6845677,14.2226479,way,294246781,OpenStreetMap via Overpass API
chain,ICA,retail_grocery,auto,ICA Nära Lombolo,ICA Nära,,Grocery / convenience,supermarket,,,,,,,,Sweden,"67.8387534,20.2844747",coordinates_only,67.8387534,20.2844747,way,295305581,OpenStreetMap via Overpass API
chain,ICA,retail_grocery,auto,ICA Nära Bräkne-Hoby,ICA Nära,,Grocery / convenience,supermarket,,,,Bräknevägen,24,372 61,Bräkne-Hoby,Sweden,Bräknevägen 24 372 61 Bräkne-Hoby Sweden,strict,56.2329151,15.1165331,way,295558263,OpenStreetMap via Overpass API
chain,ICA,retail_grocery,auto,ICA Nära,ICA Nära,,Grocery / convenience,supermarket,,,,Toftavägen,4,,Asmundtorp,Sweden,Toftavägen 4 Asmundtorp Sweden,usable,55.885423,12.944749,way,295606434,OpenStreetMap via Overpass API
chain,ICA,retail_grocery,auto,ICA Nära Hallsås,ICA Nära,,Grocery / convenience,supermarket,,,,Kring-Alles väg,52,443 34,Lerum,Sweden,Kring-Alles väg 52 443 34 Lerum Sweden,strict,57.775307,12.2750796,way,295957073,OpenStreetMap via Overpass API
chain,ICA,retail_grocery,auto,ICA Supermarket Kil,ICA Supermarket,,Grocery / convenience,supermarket,,,,,,,,Sweden,"59.50396,13.3148269",coordinates_only,59.50396,13.3148269,way,296469996,OpenStreetMap via Overpass API
chain,ICA,retail_grocery,auto,ICA Österbybruk,ICA Supermarket,,Grocery / convenience,supermarket,,,,Dannemoravägen,3,748 31,Österbybruk,Sweden,Dannemoravägen 3 748 31 Österbybruk Sweden,strict,60.1959232,17.8952128,way,296628788,OpenStreetMap via Overpass API
chain,ICA,retail_grocery,auto,ICA Supermarket Nordeviks,ICA Supermarket,ICA,Grocery / convenience,supermarket,,,,Kroksdalsvägen,4,471 32,Skärhamn,Sweden,Kroksdalsvägen 4 471 32 Skärhamn Sweden,strict,57.9856073,11.5541834,way,296823939,OpenStreetMap via Overpass API
chain,ICA,retail_grocery,auto,ICA Kvantum,ICA Kvantum,,Grocery / convenience,supermarket,,,,Hamnplan,7,,,Sweden,Hamnplan 7 Sweden,usable,65.3143807,21.4806263,way,297602125,OpenStreetMap via Overpass API
chain,ICA,retail_grocery,auto,ICA Supermarket Byske,ICA Supermarket,,Grocery / convenience,supermarket,,,,Storgatan,,93047,Byske,Sweden,Storgatan 93047 Byske Sweden,usable,64.9533343,21.2030458,way,297712568,OpenStreetMap via Overpass API
chain,ICA,retail_grocery,auto,ICA Rajden,ICA Supermarket,,Grocery / convenience,supermarket,,,,,,,,Sweden,"66.6063531,19.8297596",coordinates_only,66.6063531,19.8297596,way,297747569,OpenStreetMap via Overpass API
chain,ICA,retail_grocery,auto,ICA Hörnan,ICA Nära,,Grocery / convenience,supermarket,,,,,,,,Sweden,"63.6237407,19.9079254",coordinates_only,63.6237407,19.9079254,way,297945625,OpenStreetMap via Overpass API
chain,ICA,retail_grocery,auto,ICA Nära Glava,ICA Nära,ICA,Grocery / convenience,supermarket,,,,Hönacka Sälgen,,67020,Glava,Sweden,Hönacka Sälgen 67020 Glava Sweden,usable,59.548262,12.5637583,way,297997292,OpenStreetMap via Overpass API
chain,ICA,retail_grocery,auto,ICA Maxi Nyköping,Maxi ICA Stormarknad,,Grocery / convenience,supermarket,,,,Gustafsbergsstigen,6,611 67,Nyköping,Sweden,Gustafsbergsstigen 6 611 67 Nyköping Sweden,strict,58.7703043,17.0219285,way,298617966,OpenStreetMap via Overpass API
chain,ICA,retail_grocery,auto,ICA Supermarket Kopparhallen,ICA Supermarket,,Grocery / convenience,supermarket,,,,Bergmästaregatan,8,,,Sweden,Bergmästaregatan 8 Sweden,usable,59.8751452,14.9967896,way,298756008,OpenStreetMap via Overpass API
chain,ICA,retail_grocery,auto,ICA Supermarket,ICA Supermarket,ICA,Grocery / convenience,supermarket,,,,Allétorget,8,54330,Tibro,Sweden,Allétorget 8 54330 Tibro Sweden,strict,58.4244302,14.1636372,way,299806942,OpenStreetMap via Overpass API
chain,ICA,retail_grocery,auto,ICA Kvantum Vimmerby,ICA Kvantum,,Grocery / convenience,supermarket,,,,Magasinsgatan,6,598 37,Vimmerby,Sweden,Magasinsgatan 6 598 37 Vimmerby Sweden,strict,57.6683838,15.8509117,way,302287132,OpenStreetMap via Overpass API
chain,ICA,retail_grocery,auto,ICA Nära Djurö,ICA Nära,,Grocery / convenience,supermarket,,,,Gransbergsvägen,10,139 73,Djurhamn,Sweden,Gransbergsvägen 10 139 73 Djurhamn Sweden,strict,59.3107439,18.6977172,way,302570727,OpenStreetMap via Overpass API
chain,ICA,retail_grocery,auto,ICA Kvantum Vänersborg,ICA Kvantum,,Grocery / convenience,supermarket,,,,,,,,Sweden,"58.3810527,12.3164811",coordinates_only,58.3810527,12.3164811,way,304289738,OpenStreetMap via Overpass API
chain,ICA,retail_grocery,auto,ICA Nära Löttorpshallen,ICA Nära,,Grocery / convenience,supermarket,,,,Löttorpsvägen,55,,,Sweden,Löttorpsvägen 55 Sweden,usable,57.1658105,16.9915231,way,304549437,OpenStreetMap via Overpass API
chain,ICA,retail_grocery,auto,ICA Nära Roma,ICA Nära,,Grocery / convenience,supermarket,,,,,,,,Sweden,"57.5032323,18.4573582",coordinates_only,57.5032323,18.4573582,way,305107185,OpenStreetMap via Overpass API
chain,ICA,retail_grocery,auto,ICA Nära,ICA Nära,,Grocery / convenience,supermarket,,,,Hamnvägen,6,38065,Grönhögen,Sweden,Hamnvägen 6 38065 Grönhögen Sweden,strict,56.2688604,16.4014945,way,307761998,OpenStreetMap via Overpass API
chain,ICA,retail_grocery,auto,ICA Supermarket Vännäs,ICA Supermarket,,Grocery / convenience,supermarket,,,,Östra Järnvägsgatan,20,911 21,Vännäs,Sweden,Östra Järnvägsgatan 20 911 21 Vännäs Sweden,strict,63.9081954,19.7524647,way,309501579,OpenStreetMap via Overpass API
chain,ICA,retail_grocery,auto,"ICA Supermarket, Lindehallen",ICA Supermarket,,Grocery / convenience,supermarket,,,,,,,,Sweden,"59.5948322,15.2234166",coordinates_only,59.5948322,15.2234166,way,311016731,OpenStreetMap via Overpass API
chain,ICA,retail_grocery,auto,Maxi ICA Stormarknad Västervik,Maxi ICA Stormarknad,,Grocery / convenience,supermarket,,,,,,,,Sweden,"57.7674793,16.5967949",coordinates_only,57.7674793,16.5967949,way,312681000,OpenStreetMap via Overpass API
chain,ICA,retail_grocery,auto,ICA Kvantum,ICA Kvantum,,Grocery / convenience,supermarket,,,,,,,,Sweden,"58.9357461,11.1944726",coordinates_only,58.9357461,11.1944726,way,312960529,OpenStreetMap via Overpass API
chain,ICA,retail_grocery,auto,ICA Nära Ytterhogdal,ICA Nära,,Grocery / convenience,supermarket,,,,,,,,Sweden,"62.1748642,14.937137",coordinates_only,62.1748642,14.937137,way,313796476,OpenStreetMap via Overpass API
chain,ICA,retail_grocery,auto,ICA Supermarket Smålandsstenar,ICA Supermarket,,Grocery / convenience,supermarket,,,,Södra Nissastigen,8,,,Sweden,Södra Nissastigen 8 Sweden,usable,57.1608683,13.4103868,way,315104677,OpenStreetMap via Overpass API
chain,ICA,retail_grocery,auto,ICA Nära,ICA Nära,Lunda Handel,Grocery / convenience,supermarket,,,,Lunda,,74492,Huddungeby,Sweden,Lunda 74492 Huddungeby Sweden,usable,60.0495039,16.9828257,way,315765609,OpenStreetMap via Overpass API
chain,ICA,retail_grocery,auto,Ica Wisborg,ICA Nära,,Grocery / convenience,supermarket,,,,Stenkumlaväg,36,,,Sweden,Stenkumlaväg 36 Sweden,usable,57.6174504,18.2841847,way,315912053,OpenStreetMap via Overpass API
chain,ICA,retail_grocery,auto,ICA Supermarket Örbyhus,ICA Supermarket,ICA,Grocery / convenience,supermarket,,,,Uppsalavägen,5,,,Sweden,Uppsalavägen 5 Sweden,usable,60.2251885,17.704583,way,319411682,OpenStreetMap via Overpass API
chain,ICA,retail_grocery,auto,ICA E-Fyren Jävre,ICA Nära,,Grocery / convenience,supermarket,,,,Jävrevägen,200,,Jävrebyn,Sweden,Jävrevägen 200 Jävrebyn Sweden,usable,65.1433319,21.5035527,way,321399103,OpenStreetMap via Overpass API
chain,ICA,retail_grocery,auto,ICA Ankaret,ICA Nära,,Grocery / convenience,supermarket,,,,,,,,Sweden,"65.3270109,21.4872474",coordinates_only,65.3270109,21.4872474,way,322380234,OpenStreetMap via Overpass API
chain,ICA,retail_grocery,auto,ICA City Fristad,ICA Kvantum,,Grocery / convenience,supermarket,,,,,,,,Sweden,"57.8256653,13.0105901",coordinates_only,57.8256653,13.0105901,way,322910685,OpenStreetMap via Overpass API
chain,ICA,retail_grocery,auto,Maxi ICA Stormarknad Eskilstuna,Maxi ICA Stormarknad,,Grocery / convenience,supermarket,,,,Karl Hovbergsgatan,32,,Eskilstuna,Sweden,Karl Hovbergsgatan 32 Eskilstuna Sweden,usable,59.3881889,16.5344849,way,324004049,OpenStreetMap via Overpass API
chain,ICA,retail_grocery,auto,ICA Nära Böda,ICA Nära,ICA,Grocery / convenience,supermarket,,,,,,,,Sweden,"57.2419406,17.0620542",coordinates_only,57.2419406,17.0620542,way,326755187,OpenStreetMap via Overpass API
chain,ICA,retail_grocery,auto,ICA Nära Fors,ICA Nära,ICA,Grocery / convenience,supermarket,,,,Bruksvägen,14,774 97,Fors,Sweden,Bruksvägen 14 774 97 Fors Sweden,strict,60.2072502,16.3088065,way,326926148,OpenStreetMap via Overpass API
chain,ICA,retail_grocery,auto,ICA,ICA Nära,,Grocery / convenience,supermarket,,,,Brändövägen,4A,97597,Luleå,Sweden,Brändövägen 4A 97597 Luleå Sweden,strict,65.707666,22.2364041,way,327442516,OpenStreetMap via Overpass API
chain,ICA,retail_grocery,auto,Ica Bagarmossen,ICA Supermarket,,Grocery / convenience,supermarket,,,,Lillåvägen,49,128 45,Bagarmossen,Sweden,Lillåvägen 49 128 45 Bagarmossen Sweden,strict,59.2775261,18.1335403,way,327862964,OpenStreetMap via Overpass API
chain,ICA,retail_grocery,auto,ICA nära - Hövdingen,ICA Nära,ICA,Grocery / convenience,supermarket,,,,Tydingegatan,3,,,Sweden,Tydingegatan 3 Sweden,usable,56.2537231,14.0768739,way,334552980,OpenStreetMap via Overpass API
chain,ICA,retail_grocery,auto,ICA Nyckelby,ICA Nära,,Grocery / convenience,supermarket,,,,,,,,Sweden,"59.2872683,17.7151293",coordinates_only,59.2872683,17.7151293,way,337021242,OpenStreetMap via Overpass API
chain,ICA,retail_grocery,auto,Ica Nära,ICA Nära,,Grocery / convenience,supermarket,,,,Dalgatan,5,933 33,Arvidsjaur,Sweden,Dalgatan 5 933 33 Arvidsjaur Sweden,strict,65.5903745,19.1950247,way,337865443,OpenStreetMap via Overpass API
chain,ICA,retail_grocery,auto,ICA Nära Lekeberg,ICA Nära,ICA,Grocery / convenience,supermarket,,,,,,,,Sweden,"59.1730051,14.8691748",coordinates_only,59.1730051,14.8691748,way,338544605,OpenStreetMap via Overpass API
chain,ICA,retail_grocery,auto,Ica Nära,ICA Nära,,Grocery / convenience,supermarket,,,,Tumbovägen,2,63531,Kvicksund,Sweden,Tumbovägen 2 63531 Kvicksund Sweden,strict,59.4511594,16.3212286,way,338800408,OpenStreetMap via Overpass API
chain,ICA,retail_grocery,auto,ICA Nära,ICA Nära,,Grocery / convenience,supermarket,,,,Lönndalsvägen,45,45179,Grundsund,Sweden,Lönndalsvägen 45 45179 Grundsund Sweden,strict,58.2128972,11.4205795,way,342113394,OpenStreetMap via Overpass API
chain,ICA,retail_grocery,auto,ICA Nära Boxholm,ICA Nära,,Grocery / convenience,supermarket,,,,Centrumgatan,1,595 70,Boxholm,Sweden,Centrumgatan 1 595 70 Boxholm Sweden,strict,58.196818,15.0546595,way,343539294,OpenStreetMap via Overpass API
chain,ICA,retail_grocery,auto,ICA Supermarket Hönö,ICA Supermarket,,Grocery / convenience,supermarket,,,,,,,,Sweden,"57.6961387,11.6436068",coordinates_only,57.6961387,11.6436068,way,346017772,OpenStreetMap via Overpass API
chain,ICA,retail_grocery,auto,ICA Nära Gabrielssons,ICA Nära,ICA,Grocery / convenience,supermarket,,,,,,,Vårgårda,Sweden,Vårgårda Sweden,usable,57.9322897,12.8559744,way,346338993,OpenStreetMap via Overpass API
chain,ICA,retail_grocery,auto,ICA Nära Laxen,ICA Nära,ICA,Grocery / convenience,supermarket,,,,Sölvesborgsvägen,34,375 30,Mörrum,Sweden,Sölvesborgsvägen 34 375 30 Mörrum Sweden,strict,56.1925059,14.746851,way,348317995,OpenStreetMap via Overpass API
chain,ICA,retail_grocery,auto,ICA Supermarket,ICA Supermarket,,Grocery / convenience,supermarket,,,,,20,,,Sweden,20 Sweden,usable,57.6638892,15.8538828,way,352303505,OpenStreetMap via Overpass API
chain,ICA,retail_grocery,auto,Ica Nära Malmen,ICA Nära,,Grocery / convenience,supermarket,,,,Tornedalsvägen,4,984 31,Pajala,Sweden,Tornedalsvägen 4 984 31 Pajala Sweden,strict,67.2109716,23.366638,way,353934951,OpenStreetMap via Overpass API
chain,ICA,retail_grocery,auto,ICA Nära Björlanda,ICA Nära,,Grocery / convenience,supermarket,,,,Linas Lycka,2,423 59,Torslanda,Sweden,Linas Lycka 2 423 59 Torslanda Sweden,strict,57.7593918,11.8324353,way,356201289,OpenStreetMap via Overpass API
chain,ICA,retail_grocery,auto,ICA Nära Handlarn,ICA Nära,ICA,Grocery / convenience,supermarket,,,,Lokföraregatan,22,253 53,Påarp,Sweden,Lokföraregatan 22 253 53 Påarp Sweden,strict,56.0293173,12.815004,way,360136632,OpenStreetMap via Overpass API
chain,ICA,retail_grocery,auto,ICA supermarket,ICA Supermarket,,Grocery / convenience,supermarket,,,,,,,,Sweden,"57.1736514,13.7381369",coordinates_only,57.1736514,13.7381369,way,360547916,OpenStreetMap via Overpass API
chain,ICA,retail_grocery,auto,ICA Supermarket Kronan,ICA Supermarket,,Grocery / convenience,supermarket,,,,Landsvägsgatan,53,46431,Mellerud,Sweden,Landsvägsgatan 53 46431 Mellerud Sweden,strict,58.6996949,12.4506387,way,361270504,OpenStreetMap via Overpass API
chain,ICA,retail_grocery,auto,ICA Kvantum Åkrahallen,ICA Kvantum,,Grocery / convenience,supermarket,,,,,,,,Sweden,"59.9226888,16.5874579",coordinates_only,59.9226888,16.5874579,way,361962504,OpenStreetMap via Overpass API
chain,ICA,retail_grocery,auto,ICA Nära,ICA Nära,ICA,Grocery / convenience,supermarket,,,,,,,,Sweden,"63.8377583,20.4843933",coordinates_only,63.8377583,20.4843933,way,366172976,OpenStreetMap via Overpass API
chain,ICA,retail_grocery,auto,ICA Nära Träffpunkten,ICA Nära,,Grocery / convenience,supermarket,,,,Värendsvägen,57,372 77,Backaryd,Sweden,Värendsvägen 57 372 77 Backaryd Sweden,strict,56.3483308,15.1520233,way,366714000,OpenStreetMap via Overpass API
chain,ICA,retail_grocery,auto,ICA Supermarket Lessebo,ICA Supermarket,,Grocery / convenience,supermarket,,,,Bruksgatan,7,365 31,Lessebo,Sweden,Bruksgatan 7 365 31 Lessebo Sweden,strict,56.7507967,15.2694841,way,369614703,OpenStreetMap via Overpass API
chain,ICA,retail_grocery,auto,ICA Supermarket Sävar,ICA Supermarket,ICA,Grocery / convenience,supermarket,,,,,,,,Sweden,"63.9011689,20.5510975",coordinates_only,63.9011689,20.5510975,way,370367243,OpenStreetMap via Overpass API
chain,ICA,retail_grocery,auto,ICA Nära Pellohallen,ICA Nära,,Grocery / convenience,supermarket,,,,Pellovägen,137,95793,Pello,Sweden,Pellovägen 137 95793 Pello Sweden,strict,66.8022213,23.9761817,way,375671586,OpenStreetMap via Overpass API
chain,ICA,retail_grocery,auto,ICA Supermarket Hovmantorp,ICA Supermarket,,Grocery / convenience,supermarket,,,,Storgatan,61,365 42,Hovmantorp,Sweden,Storgatan 61 365 42 Hovmantorp Sweden,strict,56.7870399,15.1396787,way,375707833,OpenStreetMap via Overpass API
chain,ICA,retail_grocery,auto,ICA Nära Flamman,ICA Nära,,Grocery / convenience,supermarket,,,,Hjulsbrovägen,43,,Linköping,Sweden,Hjulsbrovägen 43 Linköping Sweden,usable,58.3755063,15.7088405,way,377386850,OpenStreetMap via Overpass API
chain,ICA,retail_grocery,auto,ICA Nära Slite,ICA Nära,ICA,Grocery / convenience,supermarket,,,,Storgatan,98,62448,,Sweden,Storgatan 98 62448 Sweden,usable,57.7044235,18.8055444,way,378723275,OpenStreetMap via Overpass API
chain,ICA,retail_grocery,auto,ICA Supermarket Floda,ICA Supermarket,,Grocery / convenience,supermarket,,,,Rurik Holms väg,8-10,448 30,Floda,Sweden,Rurik Holms väg 8-10 448 30 Floda Sweden,strict,57.8080652,12.3620075,way,380925620,OpenStreetMap via Overpass API
chain,ICA,retail_grocery,auto,ICA Näsbyhallen,ICA Supermarket,,Grocery / convenience,supermarket,,,,,,,Frövi,Sweden,Frövi Sweden,usable,59.4673576,15.360083,way,381389086,OpenStreetMap via Overpass API
chain,ICA,retail_grocery,auto,ICA Supermarket Vikingstad,ICA Supermarket,,Grocery / convenience,supermarket,,,,Mimergatan,9,583 72,Vikingstad,Sweden,Mimergatan 9 583 72 Vikingstad Sweden,strict,58.3820627,15.4350951,way,388995381,OpenStreetMap via Overpass API
chain,ICA,retail_grocery,auto,Ica Nära Norrfjärden,ICA Nära,,Grocery / convenience,supermarket,,,,,,,,Sweden,"65.4214,21.4958899",coordinates_only,65.4214,21.4958899,way,389443520,OpenStreetMap via Overpass API
chain,ICA,retail_grocery,auto,ICA Nära,ICA Nära,,Grocery / convenience,supermarket,,,,Ramsjövägen,6,,Morgongåva,Sweden,Ramsjövägen 6 Morgongåva Sweden,usable,59.9331363,16.9656954,way,393402928,OpenStreetMap via Overpass API
chain,ICA,retail_grocery,auto,ICA nära,ICA Nära,,Grocery / convenience,supermarket,,,,Allévägen,1,953 94,,Sweden,Allévägen 1 953 94 Sweden,usable,65.7379622,23.739069,way,393733853,OpenStreetMap via Overpass API
chain,ICA,retail_grocery,auto,Maxi ICA Stormarknad Universitetet,Maxi ICA Stormarknad,,Grocery / convenience,supermarket,,,,Sörbyängsvägen,24-30,702 18,Örebro,Sweden,Sörbyängsvägen 24-30 702 18 Örebro Sweden,strict,59.252092,15.2307716,way,394983115,OpenStreetMap via Overpass API
chain,ICA,retail_grocery,auto,ICA Nära,ICA Nära,,Grocery / convenience,supermarket,,,,Centralgatan,9,82530,Iggesund,Sweden,Centralgatan 9 82530 Iggesund Sweden,strict,61.6424282,17.0746297,way,395603945,OpenStreetMap via Overpass API
chain,ICA,retail_grocery,auto,ICA Nära Oskarström,ICA Nära,ICA,Grocery / convenience,supermarket,,,,,,,Oskarström,Sweden,Oskarström Sweden,usable,56.8021125,12.9753286,way,395825633,OpenStreetMap via Overpass API
chain,ICA,retail_grocery,auto,Maxi ICA Stormarknad Ängelholm,Maxi ICA Stormarknad,ICA,Grocery / convenience,supermarket,,,,Hugingatan,1,,Ängelholm,Sweden,Hugingatan 1 Ängelholm Sweden,usable,56.2520873,12.8909073,way,399052014,OpenStreetMap via Overpass API
chain,ICA,retail_grocery,auto,ICA Supermarket Rottne,ICA Supermarket,ICA,Grocery / convenience,supermarket,,,,Löpanäsvägen,12,363 30,Rottne,Sweden,Löpanäsvägen 12 363 30 Rottne Sweden,strict,57.0221358,14.8913913,way,400026435,OpenStreetMap via Overpass API
chain,ICA,retail_grocery,auto,ICA Nära Kullahallen,ICA Nära,ICA,Grocery / convenience,supermarket,,,,Espehögsgatan,38,,Ängelholm,Sweden,Espehögsgatan 38 Ängelholm Sweden,usable,56.2326494,12.8467094,way,400593441,OpenStreetMap via Overpass API
chain,ICA,retail_grocery,auto,ICA Nära Korsberga,ICA Nära,,Grocery / convenience,supermarket,,,,,1,,,Sweden,1 Sweden,usable,57.2998922,15.1264249,way,406156311,OpenStreetMap via Overpass API
chain,ICA,retail_grocery,auto,ICA Kvantum Svenljunga,ICA Kvantum,,Grocery / convenience,supermarket,,,,,,,,Sweden,"57.4961711,13.1099193",coordinates_only,57.4961711,13.1099193,way,407201324,OpenStreetMap via Overpass API
chain,ICA,retail_grocery,auto,ICA Nära Sankt Olof,ICA Nära,,Grocery / convenience,supermarket,,,,,,,,Sweden,"55.6357075,14.1292286",coordinates_only,55.6357075,14.1292286,way,413609652,OpenStreetMap via Overpass API
chain,ICA,retail_grocery,auto,Ica Nära,ICA Nära,,Grocery / convenience,supermarket,,,,,,,,Sweden,"58.9904723,16.211346",coordinates_only,58.9904723,16.211346,way,413739291,OpenStreetMap via Overpass API
chain,ICA,retail_grocery,auto,ICA Nära Bodi,ICA Nära,ICA,Grocery / convenience,supermarket,,,,När,,62348,Stånga,Sweden,När 62348 Stånga Sweden,usable,57.2594653,18.6363665,way,414817656,OpenStreetMap via Overpass API
chain,ICA,retail_grocery,auto,OJ - Ica,ICA Kvantum,,Grocery / convenience,supermarket,,,,,,,,Sweden,"56.1367669,12.9419071",coordinates_only,56.1367669,12.9419071,way,415023034,OpenStreetMap via Overpass API
chain,ICA,retail_grocery,auto,ICA Vibblehallen,ICA Nära,,Grocery / convenience,supermarket,,,,,,,,Sweden,"57.6014823,18.2512815",coordinates_only,57.6014823,18.2512815,way,415574775,OpenStreetMap via Overpass API
chain,ICA,retail_grocery,auto,ICA Supermarket,ICA Supermarket,,Grocery / convenience,supermarket,,,,,,,,Sweden,"59.8958085,18.4937065",coordinates_only,59.8958085,18.4937065,way,416326218,OpenStreetMap via Overpass API
chain,ICA,retail_grocery,auto,ICA Supermarket Algots,ICA Supermarket,,Grocery / convenience,supermarket,,,,Södra vägen,17,383 22,Mönsterås,Sweden,Södra vägen 17 383 22 Mönsterås Sweden,strict,57.0283029,16.438957,way,416895979,OpenStreetMap via Overpass API
chain,ICA,retail_grocery,auto,Nya ICA Toppen,ICA Nära,,Grocery / convenience,supermarket,,,,,,,,Sweden,"61.1569193,13.120378",coordinates_only,61.1569193,13.120378,way,422701063,OpenStreetMap via Overpass API
chain,ICA,retail_grocery,auto,ICA Nära Torhallen,ICA Nära,,Grocery / convenience,supermarket,,,,Sandhamnsvägen,54,373 41,Torhamn,Sweden,Sandhamnsvägen 54 373 41 Torhamn Sweden,strict,56.0952037,15.8364298,way,422845109,OpenStreetMap via Overpass API
chain,ICA,retail_grocery,auto,ICA Kvantum Tidaholm,ICA Kvantum,,Grocery / convenience,supermarket,,,,Järnvägsgatan,3,522 30,Tidaholm,Sweden,Järnvägsgatan 3 522 30 Tidaholm Sweden,strict,58.1794599,13.9516878,way,426086153,OpenStreetMap via Overpass API
chain,ICA,retail_grocery,auto,ICA Nära,ICA Nära,,Grocery / convenience,supermarket,,,,Sturegatan,25,56832,Skillingaryd,Sweden,Sturegatan 25 56832 Skillingaryd Sweden,strict,57.4303371,14.0948936,way,428200238,OpenStreetMap via Overpass API
chain,ICA,retail_grocery,auto,ICA Nära Timmersdala,ICA Nära,,Grocery / convenience,supermarket,,,,Mariestadsvägen,15,54171,Timmersdala,Sweden,Mariestadsvägen 15 54171 Timmersdala Sweden,strict,58.5281475,13.7588392,way,429156682,OpenStreetMap via Overpass API
chain,ICA,retail_grocery,auto,ICA Supermarket Hårstorp,ICA Supermarket,,Grocery / convenience,supermarket,,,,,,,,Sweden,"58.7026364,15.81021",coordinates_only,58.7026364,15.81021,way,429922335,OpenStreetMap via Overpass API
chain,ICA,retail_grocery,auto,ICA Supermarket Ljungskile,ICA Supermarket,,Grocery / convenience,supermarket,,,,Vällebergsvägen,27,,Ljungskile,Sweden,Vällebergsvägen 27 Ljungskile Sweden,usable,58.2257741,11.9188655,way,430609709,OpenStreetMap via Overpass API
chain,ICA,retail_grocery,auto,Ica Nära Fornåsa,ICA Nära,,Grocery / convenience,supermarket,,,,,,,,Sweden,"58.4780806,15.2255559",coordinates_only,58.4780806,15.2255559,way,431492030,OpenStreetMap via Overpass API
chain,ICA,retail_grocery,auto,ICA Bungehallen,ICA Supermarket,,Grocery / convenience,supermarket,,,,,,,,Sweden,"57.8633397,19.054617",coordinates_only,57.8633397,19.054617,way,431979233,OpenStreetMap via Overpass API
chain,ICA,retail_grocery,auto,Ica Björks Kusfors,ICA Nära,,Grocery / convenience,supermarket,,,,Kusfors,33,,Boliden,Sweden,Kusfors 33 Boliden Sweden,usable,64.9401378,19.994873,way,432574181,OpenStreetMap via Overpass API
chain,ICA,retail_grocery,auto,ICA Supermarket Boden,ICA Supermarket,,Grocery / convenience,supermarket,,,,,,,,Sweden,"65.8255632,21.7152698",coordinates_only,65.8255632,21.7152698,way,435519193,OpenStreetMap via Overpass API
chain,ICA,retail_grocery,auto,ICA Kvantum Säffle,ICA Kvantum,,Grocery / convenience,supermarket,,,,Karlavagnsvägen,2,661 33,Säffle,Sweden,Karlavagnsvägen 2 661 33 Säffle Sweden,strict,59.1278125,12.8863276,way,435570931,OpenStreetMap via Overpass API
chain,ICA,retail_grocery,auto,ICA Sjöboden,ICA Nära,,Grocery / convenience,supermarket,,,,,,,,Sweden,"60.3486299,18.4634542",coordinates_only,60.3486299,18.4634542,way,437211698,OpenStreetMap via Overpass API
chain,ICA,retail_grocery,auto,ICA Nära Braås,ICA Nära,ICA,Grocery / convenience,supermarket,,,,Göths Väg,3,363 41,Braås,Sweden,Göths Väg 3 363 41 Braås Sweden,strict,57.0625552,15.051633,way,439567336,OpenStreetMap via Overpass API
chain,ICA,retail_grocery,auto,ICA Supermarket Olof Nils,ICA Supermarket,,Grocery / convenience,supermarket,,,,,,,,Sweden,"56.2916848,13.709654",coordinates_only,56.2916848,13.709654,way,439569067,OpenStreetMap via Overpass API
chain,ICA,retail_grocery,auto,ICA Nära A-Livs,ICA Nära,ICA,Grocery / convenience,supermarket,,,,Gamla Vägen,91,291 67,Fjälkinge,Sweden,Gamla Vägen 91 291 67 Fjälkinge Sweden,strict,56.0436398,14.2765872,way,440786131,OpenStreetMap via Overpass API
chain,ICA,retail_grocery,auto,ICA Gagnefshallen,ICA Nära,Ica,Grocery / convenience,supermarket,,,,Tyskens väg,2,785 30,Gagnef,Sweden,Tyskens väg 2 785 30 Gagnef Sweden,strict,60.595228,15.0821532,way,441389653,OpenStreetMap via Overpass API
chain,ICA,retail_grocery,auto,ICA nära,ICA Nära,ICA,Grocery / convenience,supermarket,,,,,,,,Sweden,"59.2093992,15.5006651",coordinates_only,59.2093992,15.5006651,way,447339011,OpenStreetMap via Overpass API
chain,ICA,retail_grocery,auto,ICA Supermarket Järvsö,ICA Supermarket,ICA,Grocery / convenience,supermarket,,,,Turistvägen,45,827 50,Järvsö,Sweden,Turistvägen 45 827 50 Järvsö Sweden,strict,61.7178396,16.1696132,way,449137394,OpenStreetMap via Overpass API
chain,ICA,retail_grocery,auto,ICA Nära Säffle,ICA Nära,,Grocery / convenience,supermarket,,,,,,,,Sweden,"59.1329409,12.933116",coordinates_only,59.1329409,12.933116,way,451811178,OpenStreetMap via Overpass API
chain,ICA,retail_grocery,auto,ICA Supermarket Söderköping,ICA Supermarket,,Grocery / convenience,supermarket,,,,Margaretagatan,40,,,Sweden,Margaretagatan 40 Sweden,usable,58.4754888,16.3313209,way,456178101,OpenStreetMap via Overpass API
chain,ICA,retail_grocery,auto,Ica Kvantum,ICA Kvantum,,Grocery / convenience,supermarket,,,,Hågesta,227,881 41,,Sweden,Hågesta 227 881 41 Sweden,usable,63.1617634,17.2898574,way,457344988,OpenStreetMap via Overpass API
chain,ICA,retail_grocery,auto,ICA Supermarket Gustavslund,ICA Supermarket,ICA,Grocery / convenience,supermarket,,,,Mangårdsgatan,71,256 67,Helsingborg,Sweden,Mangårdsgatan 71 256 67 Helsingborg Sweden,strict,56.0376652,12.7545281,way,457379424,OpenStreetMap via Overpass API
chain,ICA,retail_grocery,auto,ICA Supermarket Vindeln,ICA Supermarket,,Grocery / convenience,supermarket,,,,,,,,Sweden,"64.2018501,19.7205448",coordinates_only,64.2018501,19.7205448,way,463342721,OpenStreetMap via Overpass API
chain,ICA,retail_grocery,auto,Ica Nära Barometern,ICA Nära,,Grocery / convenience,supermarket,,,,,,,,Sweden,"59.8949821,18.9592936",coordinates_only,59.8949821,18.9592936,way,464800404,OpenStreetMap via Overpass API
chain,ICA,retail_grocery,auto,ICA,ICA Supermarket,,Grocery / convenience,supermarket,,,,,,,,Sweden,"58.9858665,14.0970398",coordinates_only,58.9858665,14.0970398,way,464931552,OpenStreetMap via Overpass API
chain,ICA,retail_grocery,auto,ICA Nära Bullmark,ICA Nära,ICA Bullmark,Grocery / convenience,supermarket,,,,,,,,Sweden,"64.0334817,20.4820622",coordinates_only,64.0334817,20.4820622,way,465608201,OpenStreetMap via Overpass API
chain,ICA,retail_grocery,auto,ICA Supermarket Hammarn,ICA Supermarket,,Grocery / convenience,supermarket,,,,Centralgatan,20,84431,Hammarstrand,Sweden,Centralgatan 20 84431 Hammarstrand Sweden,strict,63.1084826,16.3544598,way,469462888,OpenStreetMap via Overpass API
chain,ICA,retail_grocery,auto,ICA Nära Träffen,ICA Nära,,Grocery / convenience,supermarket,,,,Bygatan,14,293 73,Jämshög,Sweden,Bygatan 14 293 73 Jämshög Sweden,strict,56.2412157,14.530691,way,471288569,OpenStreetMap via Overpass API
chain,ICA,retail_grocery,auto,ICA Nära Ryd,ICA Nära,ICA,Grocery / convenience,supermarket,,,,Värendsgatan,2,362 56,Ryd,Sweden,Värendsgatan 2 362 56 Ryd Sweden,strict,56.4660148,14.6930608,way,472324692,OpenStreetMap via Overpass API
chain,ICA,retail_grocery,auto,ICA Fyren,ICA Nära,ICA,Grocery / convenience,supermarket,,,,,,,,Sweden,"63.7007903,20.3152688",coordinates_only,63.7007903,20.3152688,way,475552485,OpenStreetMap via Overpass API
chain,ICA,retail_grocery,auto,ICA Nära,ICA Nära,,Grocery / convenience,supermarket,,,,Torget,2,452 05,Sydkoster,Sweden,Torget 2 452 05 Sydkoster Sweden,strict,58.8856004,11.0288514,way,477999158,OpenStreetMap via Overpass API
chain,ICA,retail_grocery,auto,ICA Supermarket Bjuv,ICA Supermarket,ICA Supermarket Bjuv,Grocery / convenience,supermarket,,,,Södra Storgatan,22,,,Sweden,Södra Storgatan 22 Sweden,usable,56.0823177,12.9208179,way,479939518,OpenStreetMap via Overpass API
chain,ICA,retail_grocery,auto,ICA Nära,ICA Nära,,Grocery / convenience,supermarket,,,,Siriusgatan,2,,,Sweden,Siriusgatan 2 Sweden,usable,57.6470801,18.310594,way,480097957,OpenStreetMap via Overpass API
chain,ICA,retail_grocery,auto,Ica Nära,ICA Nära,,Grocery / convenience,supermarket,,,,Lofsdalsvägen,28,840 85,Lofsdalen,Sweden,Lofsdalsvägen 28 840 85 Lofsdalen Sweden,strict,62.1124738,13.2725734,way,481647463,OpenStreetMap via Overpass API
chain,ICA,retail_grocery,auto,Ica Nära,ICA Nära,,Grocery / convenience,supermarket,,,,Varbergsvägen,2,43265,Väröbacka,Sweden,Varbergsvägen 2 43265 Väröbacka Sweden,strict,57.2496167,12.1834279,way,482616293,OpenStreetMap via Overpass API
chain,ICA,retail_grocery,auto,ICA Supermarket Vinslöv,ICA Supermarket,ICA,Grocery / convenience,supermarket,,,,Vannebergavägen,1,,Vinslöv,Sweden,Vannebergavägen 1 Vinslöv Sweden,usable,56.1002265,13.9136041,way,484343907,OpenStreetMap via Overpass API
chain,ICA,retail_grocery,auto,ICA Kovland,ICA Nära,,Grocery / convenience,supermarket,,,,Viljansvägen,20,860 25,Kovland,Sweden,Viljansvägen 20 860 25 Kovland Sweden,strict,62.4709051,17.1530184,way,488366940,OpenStreetMap via Overpass API
chain,ICA,retail_grocery,auto,ICA Supermarket,ICA Supermarket,ICA,Grocery / convenience,supermarket,,,,Boregatan,5,590 31,Borensberg,Sweden,Boregatan 5 590 31 Borensberg Sweden,strict,58.5627903,15.277949,way,489208294,OpenStreetMap via Overpass API
chain,ICA,retail_grocery,auto,ICA Supermarket Örkelljunga,ICA Supermarket,,Grocery / convenience,supermarket,,,,,,,,Sweden,"56.2818053,13.2791667",coordinates_only,56.2818053,13.2791667,way,490764363,OpenStreetMap via Overpass API
chain,ICA,retail_grocery,auto,ICA Maxi Stormarknad Gnista,Maxi ICA Stormarknad,,Grocery / convenience,supermarket,,,,,,,,Sweden,"59.8435927,17.7136935",coordinates_only,59.8435927,17.7136935,way,492670143,OpenStreetMap via Overpass API
chain,ICA,retail_grocery,auto,ICA Nära,ICA Nära,,Grocery / convenience,supermarket,,,,,,,,Sweden,"59.8713881,16.0465784",coordinates_only,59.8713881,16.0465784,way,498825122,OpenStreetMap via Overpass API
chain,ICA,retail_grocery,auto,ICA Nära,ICA Nära,,Grocery / convenience,supermarket,,,,,,,,Sweden,"57.4974164,15.854349",coordinates_only,57.4974164,15.854349,way,502080359,OpenStreetMap via Overpass API
chain,ICA,retail_grocery,auto,ICA Nyströms,ICA Nära,,Grocery / convenience,supermarket,,,,,,,,Sweden,"57.9618226,19.2385934",coordinates_only,57.9618226,19.2385934,way,502110264,OpenStreetMap via Overpass API
chain,ICA,retail_grocery,auto,ICA Nära UP-hallen,ICA Nära,ICA,Grocery / convenience,supermarket,,,,Björkvägen,21,260 40,Viken,Sweden,Björkvägen 21 260 40 Viken Sweden,strict,56.1526759,12.5769532,way,505683934,OpenStreetMap via Overpass API
chain,ICA,retail_grocery,auto,ICA,ICA Supermarket,,Grocery / convenience,supermarket,,,,Storgatan,40,95631,Överkalix,Sweden,Storgatan 40 95631 Överkalix Sweden,strict,66.3227766,22.8470464,way,507084694,OpenStreetMap via Overpass API
chain,ICA,retail_grocery,auto,ICA Nära Högmarsö,ICA Nära,,Grocery / convenience,supermarket,,,,Högmarsö,,,Furusund,Sweden,Högmarsö Furusund Sweden,usable,59.6471954,18.8435653,way,507305635,OpenStreetMap via Overpass API
chain,ICA,retail_grocery,auto,ICA Näldhallen,ICA Nära,,Grocery / convenience,supermarket,,,,,,,,Sweden,"63.3475014,14.2518966",coordinates_only,63.3475014,14.2518966,way,507319607,OpenStreetMap via Overpass API
chain,ICA,retail_grocery,auto,ICA Supermarket Gnesta,ICA Supermarket,ICA,Grocery / convenience,supermarket,,,,Västra Storgatan,16-18,64631,Gnesta,Sweden,Västra Storgatan 16-18 64631 Gnesta Sweden,strict,59.0490004,17.3066637,way,510000307,OpenStreetMap via Overpass API
chain,ICA,retail_grocery,auto,ICA Supermarket Pärlan,ICA Supermarket,,Grocery / convenience,supermarket,,,,,,,,Sweden,"58.237291,11.6784823",coordinates_only,58.237291,11.6784823,way,513299022,OpenStreetMap via Overpass API
chain,ICA,retail_grocery,auto,ICA nära Lundby livs,ICA Nära,Q1663776,Grocery / convenience,supermarket,,,,,,671 96,Mangskog,Sweden,671 96 Mangskog Sweden,usable,59.7530888,12.8233366,way,513393186,OpenStreetMap via Overpass API
chain,ICA,retail_grocery,auto,ICA Nära Nättran,ICA Nära,,Grocery / convenience,supermarket,,,,Havgårdsvägen,2,37030,Nättraby,Sweden,Havgårdsvägen 2 37030 Nättraby Sweden,strict,56.1999481,15.5353328,way,520867815,OpenStreetMap via Overpass API
chain,ICA,retail_grocery,auto,ICA Nära Tenhult,ICA Nära,,Grocery / convenience,supermarket,,,,,,,,Sweden,"57.7077267,14.3219755",coordinates_only,57.7077267,14.3219755,way,524461394,OpenStreetMap via Overpass API
chain,ICA,retail_grocery,auto,ICA Rälla,ICA Nära,,Grocery / convenience,supermarket,,,,Rällavägen,29,38792,Borgholm,Sweden,Rällavägen 29 38792 Borgholm Sweden,strict,56.7739897,16.5707562,way,524496765,OpenStreetMap via Overpass API
chain,ICA,retail_grocery,auto,ICA Nära,ICA Nära,,Grocery / convenience,supermarket,,,,,,,,Sweden,"56.5491878,13.7315669",coordinates_only,56.5491878,13.7315669,way,525372262,OpenStreetMap via Overpass API
chain,ICA,retail_grocery,auto,ICA Kvantum MM,ICA Kvantum,ICA,Grocery / convenience,supermarket,,,,,,,,Sweden,"57.4975972,12.6713998",coordinates_only,57.4975972,12.6713998,way,528862619,OpenStreetMap via Overpass API
chain,ICA,retail_grocery,auto,ICA Supermarket,ICA Supermarket,,Grocery / convenience,supermarket,,,,,,,,Sweden,"60.2819623,15.9948683",coordinates_only,60.2819623,15.9948683,way,530994186,OpenStreetMap via Overpass API
chain,ICA,retail_grocery,auto,ICA Hallen,ICA Supermarket,,Grocery / convenience,supermarket,,,,,,,,Sweden,"59.7834704,14.5211435",coordinates_only,59.7834704,14.5211435,way,538921639,OpenStreetMap via Overpass API
chain,ICA,retail_grocery,auto,ICA Nära Vessige,ICA Nära,,Grocery / convenience,supermarket,,,,,,,,Sweden,"56.9780758,12.6509285",coordinates_only,56.9780758,12.6509285,way,539733359,OpenStreetMap via Overpass API
chain,ICA,retail_grocery,auto,ICA Supermarket Skrea Strand,ICA Supermarket,,Grocery / convenience,supermarket,,,,,,,,Sweden,"56.8873193,12.510716",coordinates_only,56.8873193,12.510716,way,539930156,OpenStreetMap via Overpass API
chain,ICA,retail_grocery,auto,"ICA Nära Skeppet, Nyhamnsläge",ICA Nära,ICA,Grocery / convenience,supermarket,,,,Eleshultsvägen,13,26375,Nyhamnsläge,Sweden,Eleshultsvägen 13 26375 Nyhamnsläge Sweden,strict,56.2398383,12.5419175,way,540031667,OpenStreetMap via Overpass API
chain,ICA,retail_grocery,auto,ICA Jouren,ICA Supermarket,,Grocery / convenience,supermarket,,,,Kyllervägen,12,,,Sweden,Kyllervägen 12 Sweden,usable,59.7764753,14.5239893,way,542938555,OpenStreetMap via Overpass API
chain,ICA,retail_grocery,auto,ICA Supermarket Matfors,ICA Supermarket,,Grocery / convenience,supermarket,,,,Skölevägen,2-4,864 31,Matfors,Sweden,Skölevägen 2-4 864 31 Matfors Sweden,strict,62.3475533,17.0202945,way,544609267,OpenStreetMap via Overpass API
chain,ICA,retail_grocery,auto,ICA Nära Lindås,ICA Nära,,Grocery / convenience,supermarket,,,,Södra Lindåsgatan,25,361 42,Lindås,Sweden,Södra Lindåsgatan 25 361 42 Lindås Sweden,strict,56.6193487,15.568718,way,547205777,OpenStreetMap via Overpass API
chain,ICA,retail_grocery,auto,ICA Kvantum Klippan,ICA Kvantum,,Grocery / convenience,supermarket,,,,Elfdalens Centrum,,264 21,Klippan,Sweden,Elfdalens Centrum 264 21 Klippan Sweden,usable,56.1332143,13.1572045,way,550251000,OpenStreetMap via Overpass API
chain,ICA,retail_grocery,auto,ICA Nära Jörlanda,ICA Nära,,Grocery / convenience,supermarket,,,,,,,,Sweden,"57.9867622,11.8289877",coordinates_only,57.9867622,11.8289877,way,553077355,OpenStreetMap via Overpass API
chain,ICA,retail_grocery,auto,ICA Östermalm,ICA Nära,,Grocery / convenience,supermarket,,,,,,,,Sweden,"59.6004261,15.2371256",coordinates_only,59.6004261,15.2371256,way,553578287,OpenStreetMap via Overpass API
chain,ICA,retail_grocery,auto,ICA Kvantum,ICA Kvantum,,Grocery / convenience,supermarket,,,,Norra Kungsgatan,8,64237,Flen,Sweden,Norra Kungsgatan 8 64237 Flen Sweden,strict,59.0593502,16.5920967,way,556147757,OpenStreetMap via Overpass API
chain,ICA,retail_grocery,auto,ICA Supermarket,ICA Supermarket,ICA,Grocery / convenience,supermarket,,,,,,,,Sweden,"57.2357999,12.3184623",coordinates_only,57.2357999,12.3184623,way,563484426,OpenStreetMap via Overpass API
chain,ICA,retail_grocery,auto,ICA Supermarket Åsen,ICA Supermarket,,Grocery / convenience,supermarket,,,,Verkstadsskolevägen,7,82734,Ljusdal,Sweden,Verkstadsskolevägen 7 82734 Ljusdal Sweden,strict,61.8296179,16.1137092,way,565122029,OpenStreetMap via Overpass API
chain,ICA,retail_grocery,auto,ICA Nära Strandbergs Undersåker,ICA Nära,,Grocery / convenience,supermarket,,,,Byvägen,63,,Undersåker,Sweden,Byvägen 63 Undersåker Sweden,usable,63.3143839,13.2418103,way,566346526,OpenStreetMap via Overpass API
chain,ICA,retail_grocery,auto,ICA Supermarket,ICA Supermarket,,Grocery / convenience,supermarket,,,,Västra Rönneholmsvägen,62,21741,Malmö,Sweden,Västra Rönneholmsvägen 62 21741 Malmö Sweden,strict,55.595114,12.9814928,way,568699237,OpenStreetMap via Overpass API
chain,ICA,retail_grocery,auto,ICA Nära Vissefjärda,ICA Nära,ICA,Grocery / convenience,supermarket,,,,Nygatan,2,361 54,Vissefjärda,Sweden,Nygatan 2 361 54 Vissefjärda Sweden,strict,56.5348399,15.5827631,way,571318301,OpenStreetMap via Overpass API
chain,ICA,retail_grocery,auto,Maxi ICA Stormarknad Löddeköpinge,Maxi ICA Stormarknad,,Grocery / convenience,supermarket,,,,Marknadsvägen,5,,Löddeköpinge,Sweden,Marknadsvägen 5 Löddeköpinge Sweden,usable,55.7681108,12.990952,way,572528712,OpenStreetMap via Overpass API
chain,ICA,retail_grocery,auto,ICA Nära,ICA Nära,,Grocery / convenience,supermarket,,,,,,,,Sweden,"59.2784684,16.1187168",coordinates_only,59.2784684,16.1187168,way,579662724,OpenStreetMap via Overpass API
chain,ICA,retail_grocery,auto,ICA Julitahallen,ICA Nära,ICA,Grocery / convenience,supermarket,,,,,,,,Sweden,"59.1493976,16.0684149",coordinates_only,59.1493976,16.0684149,way,579684029,OpenStreetMap via Overpass API
chain,ICA,retail_grocery,auto,ICA Supermarket Edsbyn,ICA Supermarket,,Grocery / convenience,supermarket,,,,,,,,Sweden,"61.3764271,15.8172691",coordinates_only,61.3764271,15.8172691,way,582237567,OpenStreetMap via Overpass API
chain,ICA,retail_grocery,auto,ICA Supermarket Forshaga,ICA Supermarket,ICA,Grocery / convenience,supermarket,,,,Storgatan,40,66730,Forshaga,Sweden,Storgatan 40 66730 Forshaga Sweden,strict,59.5324473,13.4808829,way,583725089,OpenStreetMap via Overpass API
chain,ICA,retail_grocery,auto,ICA Supermarket Säter,ICA Supermarket,ICA,Grocery / convenience,supermarket,,,,Torggatan,8,,Säter,Sweden,Torggatan 8 Säter Sweden,usable,60.3475541,15.7506569,way,588786370,OpenStreetMap via Overpass API
chain,ICA,retail_grocery,auto,ICA Supermarket Skultuna,ICA Supermarket,,Grocery / convenience,supermarket,,,,,,,,Sweden,"59.71892,16.4267813",coordinates_only,59.71892,16.4267813,way,591562266,OpenStreetMap via Overpass API
chain,ICA,retail_grocery,auto,Maxi ICA Stormarknad Moraberg,Maxi ICA Stormarknad,,Grocery / convenience,supermarket,,,,,,,,Sweden,"59.1995764,17.6693497",coordinates_only,59.1995764,17.6693497,way,595408589,OpenStreetMap via Overpass API
chain,ICA,retail_grocery,auto,ICA Nära,ICA Nära,ICA,Grocery / convenience,supermarket,,,,,,,,Sweden,"60.2269999,17.4634801",coordinates_only,60.2269999,17.4634801,way,601143894,OpenStreetMap via Overpass API
chain,ICA,retail_grocery,auto,ICA Supermarket Vallda,ICA Supermarket,,Grocery / convenience,supermarket,,,,Egnahemsvägen,7,,Vallda,Sweden,Egnahemsvägen 7 Vallda Sweden,usable,57.4695756,11.9989763,way,606160001,OpenStreetMap via Overpass API
chain,ICA,retail_grocery,auto,ICA Supermarket Enqvist,ICA Supermarket,,Grocery / convenience,supermarket,,,,Rörosvägen,13 A,84095,Funäsdalen,Sweden,Rörosvägen 13 A 84095 Funäsdalen Sweden,strict,62.5460365,12.5423015,way,609047067,OpenStreetMap via Overpass API
chain,ICA,retail_grocery,auto,Ica Nära,ICA Nära,,Grocery / convenience,supermarket,,,,,,,,Sweden,"59.3556877,16.4995149",coordinates_only,59.3556877,16.4995149,way,609755099,OpenStreetMap via Overpass API
chain,ICA,retail_grocery,auto,ICA Blåsjöfjäll Livs,ICA Nära,,Grocery / convenience,supermarket,,,,Pl,230,,Stora Blåsjön,Sweden,Pl 230 Stora Blåsjön Sweden,usable,64.8362715,14.0835506,way,610007368,OpenStreetMap via Overpass API
chain,ICA,retail_grocery,auto,ICA Supermarket Karlsborg,ICA Supermarket,,Grocery / convenience,supermarket,,,,,,,,Sweden,"58.5297866,14.5116995",coordinates_only,58.5297866,14.5116995,way,610244072,OpenStreetMap via Overpass API
chain,ICA,retail_grocery,auto,ICA Brösarp,ICA Supermarket,,Grocery / convenience,supermarket,,,,,,,,Sweden,"55.7241304,14.1076712",coordinates_only,55.7241304,14.1076712,way,611521163,OpenStreetMap via Overpass API
chain,ICA,retail_grocery,auto,ICA Supermarket Tvååker,ICA Supermarket,,Grocery / convenience,supermarket,,,,,,,,Sweden,"57.0436539,12.4054105",coordinates_only,57.0436539,12.4054105,way,612264756,OpenStreetMap via Overpass API
chain,ICA,retail_grocery,auto,ICA Supermarket,ICA Supermarket,,Grocery / convenience,supermarket,,,,,,,,Sweden,"58.3044468,14.2911464",coordinates_only,58.3044468,14.2911464,way,612639796,OpenStreetMap via Overpass API
chain,ICA,retail_grocery,auto,ICA Supermarket Hammenhög,ICA Supermarket,,Grocery / convenience,supermarket,,,,,,,,Sweden,"55.5036223,14.1531673",coordinates_only,55.5036223,14.1531673,way,613901019,OpenStreetMap via Overpass API
chain,ICA,retail_grocery,auto,Hjärtat Ica Supermarket,ICA Supermarket,,Grocery / convenience,supermarket,,,,Stockholmsvägen,7-9,284 31,Perstorp,Sweden,Stockholmsvägen 7-9 284 31 Perstorp Sweden,strict,56.13918,13.3941211,way,614145072,OpenStreetMap via Overpass API
chain,ICA,retail_grocery,auto,ICA Supermarket Lammhult,ICA Supermarket,ICA,Grocery / convenience,supermarket,,,,Köpmannagatan,12,363 44,Lammhult,Sweden,Köpmannagatan 12 363 44 Lammhult Sweden,strict,57.1697443,14.5838312,way,616548015,OpenStreetMap via Overpass API
chain,ICA,retail_grocery,auto,ICA nära Jonstorp,ICA Nära,,Grocery / convenience,supermarket,,,,,,,,Sweden,"56.2278799,12.6743771",coordinates_only,56.2278799,12.6743771,way,620163524,OpenStreetMap via Overpass API
chain,ICA,retail_grocery,auto,ICA Nära Arkelstorp,ICA Nära,ICA,Grocery / convenience,supermarket,,,,Allarpsvägen,11,291 55,Arkelstorp,Sweden,Allarpsvägen 11 291 55 Arkelstorp Sweden,strict,56.1727595,14.2829623,way,620366016,OpenStreetMap via Overpass API
chain,ICA,retail_grocery,auto,ICA Nära Bergahallen,ICA Nära,,Grocery / convenience,supermarket,,,,Storgatan,26,34150,Lagan,Sweden,Storgatan 26 34150 Lagan Sweden,strict,56.9142195,13.9872656,way,624724177,OpenStreetMap via Overpass API
chain,ICA,retail_grocery,auto,Ica Rinkabyholm,ICA Nära,,Grocery / convenience,supermarket,,,,Rinkabyholmsvägen,17A,394 77,Kalmar,Sweden,Rinkabyholmsvägen 17A 394 77 Kalmar Sweden,strict,56.655237,16.2612132,way,638324900,OpenStreetMap via Overpass API
chain,ICA,retail_grocery,auto,ICA Supermarket Bankeryd,ICA Supermarket,,Grocery / convenience,supermarket,,,,Sjöåkravägen,,,,Sweden,Sjöåkravägen Sweden,usable,57.8614063,14.1259516,way,638760043,OpenStreetMap via Overpass API
chain,ICA,retail_grocery,auto,ICA Supermarket Jämjöhallen,ICA Supermarket,ICA,Grocery / convenience,supermarket,,,,Västra Riksvägen,15,373 72,Jämjö,Sweden,Västra Riksvägen 15 373 72 Jämjö Sweden,strict,56.1914539,15.8344804,way,638878108,OpenStreetMap via Overpass API
chain,ICA,retail_grocery,auto,ICA Supermarket Stenungsund,ICA Supermarket,,Grocery / convenience,supermarket,,,,Uppegårdsvägen,2,44443,Stenungsund,Sweden,Uppegårdsvägen 2 44443 Stenungsund Sweden,strict,58.0654308,11.8353114,way,643110305,OpenStreetMap via Overpass API
chain,ICA,retail_grocery,auto,ICA Nära Monicanders,ICA Nära,,Grocery / convenience,supermarket,,,,Öxabäcksvägen,7,51265,Mjöbäck,Sweden,Öxabäcksvägen 7 51265 Mjöbäck Sweden,strict,57.3148145,12.8762263,way,643207348,OpenStreetMap via Overpass API
chain,ICA,retail_grocery,auto,ICA Supermarket Hyltebruk,ICA Supermarket,ICA,Grocery / convenience,supermarket,,,,Storgatan,20,,,Sweden,Storgatan 20 Sweden,usable,56.9983707,13.2382376,way,645288515,OpenStreetMap via Overpass API
chain,ICA,retail_grocery,auto,ICA Supermarket Margretelund,ICA Supermarket,,Grocery / convenience,supermarket,,,,Floragatan,8,53136,Lidköping,Sweden,Floragatan 8 53136 Lidköping Sweden,strict,58.4954346,13.168524,way,657080850,OpenStreetMap via Overpass API
chain,ICA,retail_grocery,auto,ICA Kvantum Huskvarna,ICA Kvantum,,Grocery / convenience,supermarket,,,,Rumlaborgsgatan,3,,Huskvarna,Sweden,Rumlaborgsgatan 3 Huskvarna Sweden,usable,57.7901255,14.2701953,way,667688628,OpenStreetMap via Overpass API
chain,ICA,retail_grocery,auto,ICA Supermarket Tingsryd,ICA Supermarket,,Grocery / convenience,supermarket,,,,Lokgatan,1B,362 30,Tingsryd,Sweden,Lokgatan 1B 362 30 Tingsryd Sweden,strict,56.5257169,14.9730079,way,669690169,OpenStreetMap via Overpass API
chain,ICA,retail_grocery,auto,ICA Nära Gamla Väster,ICA Nära,,Grocery / convenience,supermarket,,,,Engelbrektsgatan,15,211 33,Malmö,Sweden,Engelbrektsgatan 15 211 33 Malmö Sweden,strict,55.6038843,12.9979665,way,680437999,OpenStreetMap via Overpass API
chain,ICA,retail_grocery,auto,ICA Supermarket,ICA Supermarket,ICA,Grocery / convenience,supermarket,,,,,,615 32,Valdemarsvik,Sweden,615 32 Valdemarsvik Sweden,usable,58.2160347,16.576032,way,680757423,OpenStreetMap via Overpass API
chain,ICA,retail_grocery,auto,ICA Nära Riksten,ICA Nära,,Grocery / convenience,supermarket,,,,,,,,Sweden,"59.1884153,17.9171939",coordinates_only,59.1884153,17.9171939,way,689720633,OpenStreetMap via Overpass API
chain,ICA,retail_grocery,auto,ICA Nära Rossön,ICA Nära,,Grocery / convenience,supermarket,,,,Hotingsvägen,7,88051,Rossön,Sweden,Hotingsvägen 7 88051 Rossön Sweden,strict,63.9243094,16.328859,way,698359738,OpenStreetMap via Overpass API
chain,ICA,retail_grocery,auto,Ica Nära Lekeryd,ICA Nära,,Grocery / convenience,supermarket,,,,Anebyvägen,2,,,Sweden,Anebyvägen 2 Sweden,usable,57.7736199,14.4179381,way,707442792,OpenStreetMap via Overpass API
chain,ICA,retail_grocery,auto,ICA Nära Norrhult,ICA Nära,,Grocery / convenience,supermarket,,,,,,,,Sweden,"57.1292931,15.1538274",coordinates_only,57.1292931,15.1538274,way,708571034,OpenStreetMap via Overpass API
chain,ICA,retail_grocery,auto,ICA Nära Österfärnebo,ICA Nära,,Grocery / convenience,supermarket,,,,,,,,Sweden,"60.3095846,16.7985081",coordinates_only,60.3095846,16.7985081,way,712151388,OpenStreetMap via Overpass API
chain,ICA,retail_grocery,auto,ICA Tor Center,ICA Nära,,Grocery / convenience,supermarket,,,,Berlins väg,8,81340,Torsåker,Sweden,Berlins väg 8 81340 Torsåker Sweden,strict,60.5113153,16.4726847,way,712554310,OpenStreetMap via Overpass API
chain,ICA,retail_grocery,auto,ICA Hjärnarp,ICA Supermarket,,Grocery / convenience,supermarket,,,,,,,,Sweden,"56.3181181,12.9173273",coordinates_only,56.3181181,12.9173273,way,713936904,OpenStreetMap via Overpass API
chain,ICA,retail_grocery,auto,ICA Nära Wiks,ICA Nära,,Grocery / convenience,supermarket,,,,,,,,Sweden,"64.2262819,16.5436759",coordinates_only,64.2262819,16.5436759,way,714620170,OpenStreetMap via Overpass API
chain,ICA,retail_grocery,auto,ICA Nära Bredbyn,ICA Nära,,Grocery / convenience,supermarket,,,,Köpmangatan,53,,,Sweden,Köpmangatan 53 Sweden,usable,63.4477426,18.1126553,way,716687362,OpenStreetMap via Overpass API
chain,ICA,retail_grocery,auto,ICA Nära Gällö,ICA Nära,,Grocery / convenience,supermarket,,,,Ringvägen,2,84341,Gällö,Sweden,Ringvägen 2 84341 Gällö Sweden,strict,62.9144409,15.2328638,way,718198907,OpenStreetMap via Overpass API
chain,ICA,retail_grocery,auto,ICA Nära Källans Livs,ICA Nära,,Grocery / convenience,supermarket,,,,Källvägen,5,262 61,Ängelholm,Sweden,Källvägen 5 262 61 Ängelholm Sweden,strict,56.27472,12.8393878,way,718203210,OpenStreetMap via Overpass API
chain,ICA,retail_grocery,auto,ICA Supermarket Mullsjö,ICA Supermarket,,Grocery / convenience,supermarket,,,,Skaraborgsgatan,3,56531,,Sweden,Skaraborgsgatan 3 56531 Sweden,usable,57.9153141,13.8703849,way,719030234,OpenStreetMap via Overpass API
chain,ICA,retail_grocery,auto,ICA,ICA Kvantum,,Grocery / convenience,supermarket,,,,,,,,Sweden,"60.1514068,15.1942759",coordinates_only,60.1514068,15.1942759,way,731245368,OpenStreetMap via Overpass API
chain,ICA,retail_grocery,auto,ICA Nära Hoting,ICA Nära,,Grocery / convenience,supermarket,,,,Storgatan,20,83351,Hoting,Sweden,Storgatan 20 83351 Hoting Sweden,strict,64.1155282,16.2030226,way,733260860,OpenStreetMap via Overpass API
chain,ICA,retail_grocery,auto,ICA nära Nybble,ICA Nära,,Grocery / convenience,supermarket,,,,Mariestadsvägen,23,68192,Kristinehamn,Sweden,Mariestadsvägen 23 68192 Kristinehamn Sweden,strict,59.1007209,14.1627131,way,736609139,OpenStreetMap via Overpass API
chain,ICA,retail_grocery,auto,ICA Nära Stöde,ICA Nära,,Grocery / convenience,supermarket,,,,Stödevägen,44,86496,Stöde,Sweden,Stödevägen 44 86496 Stöde Sweden,strict,62.4175475,16.5834631,way,747776173,OpenStreetMap via Overpass API
chain,ICA,retail_grocery,auto,ICA Nära,ICA Nära,,Grocery / convenience,supermarket,,,,,,,,Sweden,"60.3973156,17.0031746",coordinates_only,60.3973156,17.0031746,way,750403168,OpenStreetMap via Overpass API
chain,ICA,retail_grocery,auto,ICA Ålem,,,Grocery / convenience,supermarket,,,,Alsteråvägen,56,38440,Ålem,Sweden,Alsteråvägen 56 38440 Ålem Sweden,strict,56.9550621,16.3818643,way,755586406,OpenStreetMap via Overpass API
chain,ICA,retail_grocery,auto,ICA Supermarket,ICA Supermarket,Christer Kjäll,Grocery / convenience,supermarket,,,,Storgatan,9,46530,Nossebro,Sweden,Storgatan 9 46530 Nossebro Sweden,strict,58.1902199,12.7170862,way,756079549,OpenStreetMap via Overpass API
chain,ICA,retail_grocery,auto,ICA Alfta,ICA Supermarket,,Grocery / convenience,supermarket,,,,Långgatan,,,,Sweden,Långgatan Sweden,usable,61.3453122,16.0643222,way,758810212,OpenStreetMap via Overpass API
chain,ICA,retail_grocery,auto,ICA NÄRA TOMMY`S,ICA Nära,ICA,Grocery / convenience,supermarket,,,,BOKLÖVSVÄGEN,30,34253,LÖNASHULT,Sweden,BOKLÖVSVÄGEN 30 34253 LÖNASHULT Sweden,strict,56.6499841,14.5130586,way,766730365,OpenStreetMap via Overpass API
chain,ICA,retail_grocery,auto,ICA Supermarket Idrebua,ICA Supermarket,,Grocery / convenience,supermarket,,,,HSBvägen,1A,797 71,Idre,Sweden,HSBvägen 1A 797 71 Idre Sweden,strict,61.8579983,12.7200436,way,785837779,OpenStreetMap via Overpass API
chain,ICA,retail_grocery,auto,ICA Nära Anders Gällstad,ICA Nära,,Grocery / convenience,supermarket,,,,Boråsvägen,40,523 60,Gällstad,Sweden,Boråsvägen 40 523 60 Gällstad Sweden,strict,57.6686468,13.4342353,way,791374037,OpenStreetMap via Overpass API
chain,ICA,retail_grocery,auto,ICA,ICA Nära,,Grocery / convenience,supermarket,,,,,,,,Sweden,"56.4236314,12.6327968",coordinates_only,56.4236314,12.6327968,way,797711436,OpenStreetMap via Overpass API
chain,ICA,retail_grocery,auto,ICA Supermarket Speceritjänst,ICA Supermarket,,Grocery / convenience,supermarket,,,,,,,,Sweden,"58.9881781,16.1796406",coordinates_only,58.9881781,16.1796406,way,803868789,OpenStreetMap via Overpass API
chain,ICA,retail_grocery,auto,ICA Supermarket Charlottenberg,ICA Supermarket,ICA AB,Grocery / convenience,supermarket,,,,,,,,Sweden,"59.874338,12.2869064",coordinates_only,59.874338,12.2869064,way,819444234,OpenStreetMap via Overpass API
chain,ICA,retail_grocery,auto,ICA Kvantum Nybro,ICA Kvantum,,Grocery / convenience,supermarket,,,,Bangatan,4,382 40,Nybro,Sweden,Bangatan 4 382 40 Nybro Sweden,strict,56.7418276,15.9020697,way,836494619,OpenStreetMap via Overpass API
chain,ICA,retail_grocery,auto,ICA Anderstorp,ICA Supermarket,,Grocery / convenience,supermarket,,,,Storgatan,18,33421,Anderstorp,Sweden,Storgatan 18 33421 Anderstorp Sweden,strict,57.282399,13.6329249,way,837430678,OpenStreetMap via Overpass API
chain,ICA,retail_grocery,auto,Maxi ICA Stormarknad Kalmar,Maxi ICA Stormarknad,ICA,Grocery / convenience,supermarket,,,,Verkstadsgatan,6,392 39,Kalmar,Sweden,Verkstadsgatan 6 392 39 Kalmar Sweden,strict,56.669827,16.3389041,way,853808151,OpenStreetMap via Overpass API
chain,ICA,retail_grocery,auto,ICA Supermarket,ICA Supermarket,,Grocery / convenience,supermarket,,,,,,,,Sweden,"59.0231567,14.8695493",coordinates_only,59.0231567,14.8695493,way,867817733,OpenStreetMap via Overpass API
chain,ICA,retail_grocery,auto,Maxi ICA Stormarknad Olofström,ICA Maxi,,Grocery / convenience,supermarket,,,,Ekhagsvägen,2,293 40,Olofström,Sweden,Ekhagsvägen 2 293 40 Olofström Sweden,strict,56.275052,14.5441129,way,870280963,OpenStreetMap via Overpass API
chain,ICA,retail_grocery,auto,ICA Nära Eko,ICA Nära,,Grocery / convenience,supermarket,,,,Irisgatan,80,,Örebro,Sweden,Irisgatan 80 Örebro Sweden,usable,59.2930576,15.169267,way,871864209,OpenStreetMap via Overpass API
chain,ICA,retail_grocery,auto,ICA Nära Bärkehallen,ICA Nära,,Grocery / convenience,supermarket,,,,,,,,Sweden,"60.0696589,15.5575926",coordinates_only,60.0696589,15.5575926,way,883917579,OpenStreetMap via Overpass API
chain,ICA,retail_grocery,auto,Maxi ICA Stormarknad Katrineholm,Maxi ICA Stormarknad,,Grocery / convenience,supermarket,,,,Starrvägen,17,,,Sweden,Starrvägen 17 Sweden,usable,59.0028662,16.2252614,way,889389690,OpenStreetMap via Overpass API
chain,ICA,retail_grocery,auto,ICA Nära Svenstavik,ICA Nära,,Grocery / convenience,supermarket,,,,Tingshusvägen,1,84040,Svenstavik,Sweden,Tingshusvägen 1 84040 Svenstavik Sweden,strict,62.7677496,14.4347616,way,889626968,OpenStreetMap via Overpass API
chain,ICA,retail_grocery,auto,Ica Kvantum Signalen,ICA Kvantum,Ica,Grocery / convenience,supermarket,,,,,,,,Sweden,"58.3807564,15.6805879",coordinates_only,58.3807564,15.6805879,way,904606928,OpenStreetMap via Overpass API
chain,ICA,retail_grocery,auto,ICA Nära Axéns Lanthandel,ICA Nära,,Grocery / convenience,supermarket,,,,Nykyrka,,,Motala,Sweden,Nykyrka Motala Sweden,usable,58.6150267,14.97472,way,906462817,OpenStreetMap via Overpass API
chain,ICA,retail_grocery,auto,Maxi ICA Stormarknad Karlskrona,Maxi ICA Stormarknad,,Grocery / convenience,supermarket,,,,Verkövägen,5,37162,Lyckeby,Sweden,Verkövägen 5 37162 Lyckeby Sweden,strict,56.1971836,15.6406881,way,907037346,OpenStreetMap via Overpass API
chain,ICA,retail_grocery,auto,ICA Nära Hjärtat,ICA Nära,,Grocery / convenience,supermarket,,,,Stora vägen,2,50771,Gånghester,Sweden,Stora vägen 2 50771 Gånghester Sweden,strict,57.6980158,13.0267639,way,916262636,OpenStreetMap via Overpass API
chain,ICA,retail_grocery,auto,"ICA Nära, Vahlströms",ICA Nära,,Grocery / convenience,supermarket,,,,,,,,Sweden,"57.9035439,15.83472",coordinates_only,57.9035439,15.83472,way,916940304,OpenStreetMap via Overpass API
chain,ICA,retail_grocery,auto,ICA Nära,ICA Nära,,Grocery / convenience,supermarket,,,,Kyrkvägen,23,837 41,Mörsil,Sweden,Kyrkvägen 23 837 41 Mörsil Sweden,strict,63.3076315,13.6662865,way,918235477,OpenStreetMap via Overpass API
chain,ICA,retail_grocery,auto,ICA Supermarket Smedby,ICA Supermarket,,Grocery / convenience,supermarket,,,,Dörbyvägen,3,394 70,Kalmar,Sweden,Dörbyvägen 3 394 70 Kalmar Sweden,strict,56.6749787,16.2434813,way,924839985,OpenStreetMap via Overpass API
chain,ICA,retail_grocery,auto,Maxi ICA Stormarknad Bålsta,Maxi ICA Stormarknad,ICA,Grocery / convenience,supermarket,,,,Lillsjörännan,9,74650,Bålsta,Sweden,Lillsjörännan 9 74650 Bålsta Sweden,strict,59.5589629,17.5498608,way,925884593,OpenStreetMap via Overpass API
chain,ICA,retail_grocery,auto,ICA Klövsjö,ICA Nära,,Grocery / convenience,supermarket,,,,Klövsjövägen,25,84597,Klövsjö,Sweden,Klövsjövägen 25 84597 Klövsjö Sweden,strict,62.5263227,14.1935828,way,948483228,OpenStreetMap via Overpass API
chain,ICA,retail_grocery,auto,Ica Torghallen,ICA Supermarket,,Grocery / convenience,supermarket,,,,Stöökagatan,13,69630,Askersund,Sweden,Stöökagatan 13 69630 Askersund Sweden,strict,58.8802232,14.903588,way,962933196,OpenStreetMap via Overpass API
chain,ICA,retail_grocery,auto,ICA Nära Insjön,ICA Nära,,Grocery / convenience,supermarket,,,,Faluvägen,15,793 41,Insjön,Sweden,Faluvägen 15 793 41 Insjön Sweden,strict,60.6800749,15.0931195,way,964016173,OpenStreetMap via Overpass API
chain,ICA,retail_grocery,auto,ICA Supermarket,ICA Supermarket,,Grocery / convenience,supermarket,,,,,,,,Sweden,"59.5121862,15.9684231",coordinates_only,59.5121862,15.9684231,way,965425474,OpenStreetMap via Overpass API
chain,ICA,retail_grocery,auto,ICA Supermarket Björksätra,ICA Supermarket,,Grocery / convenience,supermarket,,,,Björksätra Mitt,,81150,Sandviken,Sweden,Björksätra Mitt 81150 Sandviken Sweden,usable,60.6055768,16.7498774,way,968217287,OpenStreetMap via Overpass API
chain,ICA,retail_grocery,auto,Ica Maxi,Maxi ICA Stormarknad,ICA,Grocery / convenience,supermarket,,,,Linggatan,25,81132,Sandviken,Sweden,Linggatan 25 81132 Sandviken Sweden,strict,60.6240314,16.7729052,way,970645822,OpenStreetMap via Overpass API
chain,ICA,retail_grocery,auto,ICA Nära Drottningskär,ICA Nära,ICA,Grocery / convenience,supermarket,,,,Hyttevägen,4,373 64,Drottningskär,Sweden,Hyttevägen 4 373 64 Drottningskär Sweden,strict,56.1137689,15.5588521,way,971987908,OpenStreetMap via Overpass API
chain,ICA,retail_grocery,auto,ICA Nära Litshallen,ICA Nära,,Grocery / convenience,supermarket,,,,,,,,Sweden,"63.3174904,14.8463961",coordinates_only,63.3174904,14.8463961,way,978662815,OpenStreetMap via Overpass API
chain,ICA,retail_grocery,auto,ICA Supermarket,ICA Supermarket,,Grocery / convenience,supermarket,,,,Doktorsgatan,2,33156,Värnamo,Sweden,Doktorsgatan 2 33156 Värnamo Sweden,strict,57.1762203,14.0311047,way,981602871,OpenStreetMap via Overpass API
chain,ICA,retail_grocery,auto,ICA Nära Eriks,ICA Nära,ICA,Grocery / convenience,supermarket,,,,Byvägen,1,,Östra Ljungby,Sweden,Byvägen 1 Östra Ljungby Sweden,usable,56.1925559,13.0758336,way,982714214,OpenStreetMap via Overpass API
chain,ICA,retail_grocery,auto,ICA Nära Backe,ICA Nära,ICA,Grocery / convenience,supermarket,,,,Centrumvägen,7,88372,Backe,Sweden,Centrumvägen 7 88372 Backe Sweden,strict,63.8112783,16.405652,way,1001841441,OpenStreetMap via Overpass API
chain,ICA,retail_grocery,auto,ICA Supermarket Klockareboden,ICA Supermarket,,Grocery / convenience,supermarket,,,,,,,,Sweden,"55.4565777,14.178105",coordinates_only,55.4565777,14.178105,way,1005239745,OpenStreetMap via Overpass API
chain,ICA,retail_grocery,auto,ICA Nära Sörbyhallen,ICA Nära,,Grocery / convenience,supermarket,,,,Knalltorpsvägen,1,97593,Luleå,Sweden,Knalltorpsvägen 1 97593 Luleå Sweden,strict,65.5572627,21.8254721,way,1019507838,OpenStreetMap via Overpass API
chain,ICA,retail_grocery,auto,ICA Jägaren,ICA Nära,,Grocery / convenience,supermarket,,,,,,,,Sweden,"55.7278561,13.1752847",coordinates_only,55.7278561,13.1752847,way,1019648199,OpenStreetMap via Overpass API
chain,ICA,retail_grocery,auto,ICA Malmborgs,ICA Kvantum,,Grocery / convenience,supermarket,,,,Clemenstorget,5,22221,Lund,Sweden,Clemenstorget 5 22221 Lund Sweden,strict,55.7064572,13.1881827,way,1021081220,OpenStreetMap via Overpass API
chain,ICA,retail_grocery,auto,Ica Nära Friggesund,ICA Nära,,Grocery / convenience,supermarket,,,,,,,,Sweden,"61.8969961,16.5490116",coordinates_only,61.8969961,16.5490116,way,1029969235,OpenStreetMap via Overpass API
chain,ICA,retail_grocery,auto,ICA Nära Söderlivs,ICA Nära,,Grocery / convenience,supermarket,,,,,,,,Sweden,"55.6977642,13.1901471",coordinates_only,55.6977642,13.1901471,way,1034773876,OpenStreetMap via Overpass API
chain,ICA,retail_grocery,auto,ICA Supermarket Nordmaling,ICA Supermarket,,Grocery / convenience,supermarket,,,,Butiksgatan,2,,,Sweden,Butiksgatan 2 Sweden,usable,63.5666923,19.4952222,way,1054727569,OpenStreetMap via Overpass API
chain,ICA,retail_grocery,auto,Ica Maxi,Maxi ICA Stormarknad,,Grocery / convenience,supermarket,,,,,,,,Sweden,"61.3391276,16.3968978",coordinates_only,61.3391276,16.3968978,way,1055184037,OpenStreetMap via Overpass API
chain,ICA,retail_grocery,auto,ICA Nära Malmbäck,ICA Nära,,Grocery / convenience,supermarket,,,,,,,,Sweden,"57.5765691,14.4605695",coordinates_only,57.5765691,14.4605695,way,1061174321,OpenStreetMap via Overpass API
chain,ICA,retail_grocery,auto,ICA Kvantum Ystad,ICA Kvantum,,Grocery / convenience,supermarket,,,,,,,,Sweden,"55.4444482,13.8093634",coordinates_only,55.4444482,13.8093634,way,1065202858,OpenStreetMap via Overpass API
chain,ICA,retail_grocery,auto,ICA Nära Senoren,ICA Nära,ICA,Grocery / convenience,supermarket,,,,Senorenvägen,38,373 54,Senoren,Sweden,Senorenvägen 38 373 54 Senoren Sweden,strict,56.1258124,15.7363371,way,1074322216,OpenStreetMap via Overpass API
chain,ICA,retail_grocery,auto,ICA Nära Träslövsläge,ICA Nära,ICA,Grocery / convenience,supermarket,,,,,,,,Sweden,"57.0566096,12.296695",coordinates_only,57.0566096,12.296695,way,1076193401,OpenStreetMap via Overpass API
chain,ICA,retail_grocery,auto,ICA,ICA Nära,,Grocery / convenience,supermarket,,,,Tarkovägen,6,785 42,,Sweden,Tarkovägen 6 785 42 Sweden,usable,60.5127867,14.9693289,way,1081193665,OpenStreetMap via Overpass API
chain,ICA,retail_grocery,auto,ICA Nära Kometen,ICA Nära,ICA,Grocery / convenience,supermarket,,,,Kristianstadsgatan,15,283 45,Osby,Sweden,Kristianstadsgatan 15 283 45 Osby Sweden,strict,56.3773059,14.0071969,way,1084415637,OpenStreetMap via Overpass API
chain,ICA,retail_grocery,auto,ICA Supermarket Trivselköp,ICA Supermarket,ICA,Grocery / convenience,supermarket,,,,,,,,Sweden,"59.6998245,15.0997084",coordinates_only,59.6998245,15.0997084,way,1088078271,OpenStreetMap via Overpass API
chain,ICA,retail_grocery,auto,ICA Supermarket Näsbyn,ICA Supermarket,,Grocery / convenience,supermarket,,,,,,,,Sweden,"65.8480827,23.1737437",coordinates_only,65.8480827,23.1737437,way,1088099626,OpenStreetMap via Overpass API
chain,ICA,retail_grocery,auto,ICA Nära,ICA Nära,,Grocery / convenience,supermarket,,,,,,,,Sweden,"63.931189,19.2169024",coordinates_only,63.931189,19.2169024,way,1088140187,OpenStreetMap via Overpass API
chain,ICA,retail_grocery,auto,ICA Nära Börsen,ICA Nära,,Grocery / convenience,supermarket,,,,Bodbyn,23,,Umeå,Sweden,Bodbyn 23 Umeå Sweden,usable,64.0044057,20.3929049,way,1088140188,OpenStreetMap via Overpass API
chain,ICA,retail_grocery,auto,ICA Nära Hemlings Lanthandel,ICA Nära,,Grocery / convenience,supermarket,,,,Hemling,1022,,,Sweden,Hemling 1022 Sweden,usable,63.6516032,18.5459974,way,1088729540,OpenStreetMap via Overpass API
chain,ICA,retail_grocery,auto,ICA Nära Flärke,ICA Nära,,Grocery / convenience,supermarket,,,,Flärke,140,,,Sweden,Flärke 140 Sweden,usable,63.5772322,19.025352,way,1088729541,OpenStreetMap via Overpass API
chain,ICA,retail_grocery,auto,ICA Supermarket Bjästa,ICA Supermarket,,Grocery / convenience,supermarket,,,,Nätragatan,27,,,Sweden,Nätragatan 27 Sweden,usable,63.2019603,18.5033273,way,1088732644,OpenStreetMap via Overpass API
chain,ICA,retail_grocery,auto,ICA Arbrå,ICA Supermarket,,Grocery / convenience,supermarket,,,,,,,,Sweden,"61.4706204,16.3778613",coordinates_only,61.4706204,16.3778613,way,1091233981,OpenStreetMap via Overpass API
chain,ICA,retail_grocery,auto,ICA Nära Årsunda,ICA Nära,,Grocery / convenience,supermarket,,,,Nedre vägen,14,81022,Årsunda,Sweden,Nedre vägen 14 81022 Årsunda Sweden,strict,60.5127825,16.7326856,way,1091272053,OpenStreetMap via Overpass API
chain,ICA,retail_grocery,auto,ICA nära Kilafors,ICA Nära,,Grocery / convenience,supermarket,,,,Stationsgatan,21,82330,,Sweden,Stationsgatan 21 82330 Sweden,usable,61.229579,16.5625422,way,1091272054,OpenStreetMap via Overpass API
chain,ICA,retail_grocery,auto,ICA Sellnäs,ICA Nära,ICA,Grocery / convenience,supermarket,,,,Sör Sellnäs,,781 98,Borlänge,Sweden,Sör Sellnäs 781 98 Borlänge Sweden,usable,60.4094034,15.381263,way,1091298739,OpenStreetMap via Overpass API
chain,ICA,retail_grocery,auto,Ica Nära Siljan,ICA Nära,,Grocery / convenience,supermarket,,,,,,,,Sweden,"60.9924859,14.5221732",coordinates_only,60.9924859,14.5221732,way,1091298740,OpenStreetMap via Overpass API
chain,ICA,retail_grocery,auto,ICA Supermarket Mathyttan,ICA Supermarket,,Grocery / convenience,supermarket,,,,Hyttgatan,5,770 70,Långshyttan,Sweden,Hyttgatan 5 770 70 Långshyttan Sweden,strict,60.4519343,16.0321667,way,1091314332,OpenStreetMap via Overpass API
chain,ICA,retail_grocery,auto,ICA Nära Torghallen,ICA Nära,,Grocery / convenience,supermarket,,,,,,,,Sweden,"59.4226926,16.0982455",coordinates_only,59.4226926,16.0982455,way,1091361995,OpenStreetMap via Overpass API
chain,ICA,retail_grocery,auto,ICA Köplusten,ICA Nära,,Grocery / convenience,supermarket,,,,,,,,Sweden,"59.9103094,16.348103",coordinates_only,59.9103094,16.348103,way,1091361996,OpenStreetMap via Overpass API
chain,ICA,retail_grocery,auto,ICA Lindbacken,ICA Nära,,Grocery / convenience,supermarket,,,,Hagtorpsvägen,5,75471,Uppsala,Sweden,Hagtorpsvägen 5 75471 Uppsala Sweden,strict,59.9112577,17.7397141,way,1091535704,OpenStreetMap via Overpass API
chain,ICA,retail_grocery,auto,ICA Nära,ICA Nära,,Grocery / convenience,supermarket,,,,,,,,Sweden,"60.1055547,17.1984211",coordinates_only,60.1055547,17.1984211,way,1091535705,OpenStreetMap via Overpass API
chain,ICA,retail_grocery,auto,ICA Supermarket Östra Husby,ICA Supermarket,,Grocery / convenience,supermarket,,,,"Bygdevägen , Östra Husby",7,,Vikbolandet,Sweden,"Bygdevägen , Östra Husby 7 Vikbolandet Sweden",usable,58.5763852,16.5679328,way,1091908889,OpenStreetMap via Overpass API
chain,ICA,retail_grocery,auto,ICA Nära Frödinge,ICA Nära,,Grocery / convenience,supermarket,,,,Västerviksvägen,1,,Vimmerby,Sweden,Västerviksvägen 1 Vimmerby Sweden,usable,57.6995777,16.0036139,way,1091935809,OpenStreetMap via Overpass API
chain,ICA,retail_grocery,auto,"ICA Nära, Sturköhallen",ICA Nära,ICA,Grocery / convenience,supermarket,,,,Sturkövägen 81,81,371 62,Strukö,Sweden,Sturkövägen 81 81 371 62 Strukö Sweden,strict,56.1139623,15.6726052,way,1092013418,OpenStreetMap via Overpass API
chain,ICA,retail_grocery,auto,ICA Supermarket Rödeby Allivs,ICA Supermarket,,Grocery / convenience,supermarket,,,,Johannesbergsvägen,2,37342,Rödeby,Sweden,Johannesbergsvägen 2 37342 Rödeby Sweden,strict,56.2625065,15.6190247,way,1092013419,OpenStreetMap via Overpass API
chain,ICA,retail_grocery,auto,ICA Nära Johannishus,ICA Nära,,Grocery / convenience,supermarket,,,,Öster Marksvägen,1,372 75,Johannishus,Sweden,Öster Marksvägen 1 372 75 Johannishus Sweden,strict,56.2192457,15.4133282,way,1092013420,OpenStreetMap via Overpass API
chain,ICA,retail_grocery,auto,ICA nära Skummeslövsstrand,ICA Nära,,Grocery / convenience,supermarket,,,,,,,,Sweden,"56.4608483,12.9213987",coordinates_only,56.4608483,12.9213987,way,1092037141,OpenStreetMap via Overpass API
chain,ICA,retail_grocery,auto,ICA Nära Hunnestad,ICA Nära,,Grocery / convenience,supermarket,,,,Hunnestads By,13,432 91,Varberg,Sweden,Hunnestads By 13 432 91 Varberg Sweden,strict,57.1014971,12.3567478,way,1092037144,OpenStreetMap via Overpass API
chain,ICA,retail_grocery,auto,ICA Nära Färlöv,ICA Nära,ICA,Grocery / convenience,supermarket,,,,Wrangels Allé,60,291 75,Färlöv,Sweden,Wrangels Allé 60 291 75 Färlöv Sweden,strict,56.0732972,14.0845477,way,1092275883,OpenStreetMap via Overpass API
chain,ICA,retail_grocery,auto,ICA Supermarket Öjebyn,ICA Supermarket,,Grocery / convenience,supermarket,,,,Öjagatan,35,,Öjebyn,Sweden,Öjagatan 35 Öjebyn Sweden,usable,65.3418708,21.3949486,way,1093460274,OpenStreetMap via Overpass API
chain,ICA,retail_grocery,auto,ICA Supermarket,ICA Supermarket,,Grocery / convenience,supermarket,,,,,,,,Sweden,"65.671363,21.0093483",coordinates_only,65.671363,21.0093483,way,1093460275,OpenStreetMap via Overpass API
chain,ICA,retail_grocery,auto,ICA Nära Bovallstrand,ICA Nära,,Grocery / convenience,supermarket,,,,Jensegårdsvägen,1,45647,Bovallstrand,Sweden,Jensegårdsvägen 1 45647 Bovallstrand Sweden,strict,58.4708689,11.3305015,way,1094894286,OpenStreetMap via Overpass API
chain,ICA,retail_grocery,auto,ICA Nära Hammerdal,ICA Nära,,Grocery / convenience,supermarket,,,,Storgatan,42,83341,Hammerdal,Sweden,Storgatan 42 83341 Hammerdal Sweden,strict,63.5822254,15.3511205,way,1104173955,OpenStreetMap via Overpass API
chain,ICA,retail_grocery,auto,ICA Nära Nyckeln Hillerstorp,ICA Nära,,Grocery / convenience,supermarket,,,,Storgatan,6,,Hillerstorp,Sweden,Storgatan 6 Hillerstorp Sweden,usable,57.3163548,13.8808057,way,1104982471,OpenStreetMap via Overpass API
chain,ICA,retail_grocery,auto,ICA Nära,ICA Nära,,Grocery / convenience,supermarket,,,,,,,,Sweden,"61.396837,16.8340525",coordinates_only,61.396837,16.8340525,way,1105009991,OpenStreetMap via Overpass API
chain,ICA,retail_grocery,auto,ICA Jouren,ICA Supermarket,,Grocery / convenience,supermarket,,,,,,,,Sweden,"58.8845977,14.9067745",coordinates_only,58.8845977,14.9067745,way,1105444598,OpenStreetMap via Overpass API
chain,ICA,retail_grocery,auto,ICA Supermarket,ICA Supermarket,,Grocery / convenience,supermarket,,,,,,,,Sweden,"55.6348814,13.6786289",coordinates_only,55.6348814,13.6786289,way,1107554121,OpenStreetMap via Overpass API
chain,ICA,retail_grocery,auto,Maxi ICA Stormarknad Österåker,Maxi ICA Stormarknad,,Grocery / convenience,supermarket,,,,,,,,Sweden,"59.4891672,18.2704558",coordinates_only,59.4891672,18.2704558,way,1113297100,OpenStreetMap via Overpass API
chain,ICA,retail_grocery,auto,ICA Nära Gustafs,ICA Nära,ICA,Grocery / convenience,supermarket,,,,Jaansvägen,2,,Gustafs,Sweden,Jaansvägen 2 Gustafs Sweden,usable,60.413246,15.5916565,way,1205839021,OpenStreetMap via Overpass API
chain,ICA,retail_grocery,auto,"ICA Torget, Skärplinge",ICA Nära,,Grocery / convenience,supermarket,,,,Ol-Anders väg,1,,Skärplinge,Sweden,Ol-Anders väg 1 Skärplinge Sweden,usable,60.4715029,17.7595786,way,1226687240,OpenStreetMap via Overpass API
chain,ICA,retail_grocery,auto,ICA Nära Kläppen,ICA Nära,,Grocery / convenience,supermarket,,,,,,,,Sweden,"61.0342761,13.3395922",coordinates_only,61.0342761,13.3395922,way,1249128188,OpenStreetMap via Overpass API
chain,ICA,retail_grocery,auto,ICA Kvantum Kungsbacka,ICA Kvantum,ICA,Grocery / convenience,supermarket,,,,,,,,Sweden,"57.4935333,12.0743951",coordinates_only,57.4935333,12.0743951,way,1304795311,OpenStreetMap via Overpass API
chain,ICA,retail_grocery,auto,ICA Kvantum Kista Galleria,ICA Kvantum,,Grocery / convenience,supermarket,,,,Hanstavägen,55,,Kista,Sweden,Hanstavägen 55 Kista Sweden,usable,59.402207,17.9462957,way,1311862240,OpenStreetMap via Overpass API
chain,ICA,retail_grocery,auto,ICA Kvantum,ICA Kvantum,,Grocery / convenience,supermarket,,,,,,,,Sweden,"59.5187205,17.9134631",coordinates_only,59.5187205,17.9134631,way,1318990021,OpenStreetMap via Overpass API
chain,ICA,retail_grocery,auto,Maxi ICA Stormarknad Flygstaden,Maxi ICA Stormarknad,,Grocery / convenience,supermarket,,,,,,,,Sweden,"56.6795228,12.8062312",coordinates_only,56.6795228,12.8062312,way,1335980836,OpenStreetMap via Overpass API
chain,ICA,retail_grocery,auto,ICA ToGo Barkarö,,ICA,Grocery / convenience,supermarket,,,,Barkarö Bygata,18,725 91,Västerås,Sweden,Barkarö Bygata 18 725 91 Västerås Sweden,strict,59.5534147,16.5088736,way,1378147047,OpenStreetMap via Overpass API
chain,ICA,retail_grocery,auto,ICA ToGo,ICA ToGo,ICA,Grocery / convenience,supermarket,,,,Skylvägen,1,83174,Östersund,Sweden,Skylvägen 1 83174 Östersund Sweden,strict,63.1444106,14.7565728,way,1408900785,OpenStreetMap via Overpass API
chain,ICA,retail_grocery,auto,ICA Nära Trekanten,ICA Nära;PostNord,,Grocery / convenience,supermarket,,,,Poppelgatan,1,,Trekanten,Sweden,Poppelgatan 1 Trekanten Sweden,usable,56.6947632,16.121893,way,1414588861,OpenStreetMap via Overpass API
chain,ICA,retail_grocery,auto,Maxi ICA Stormarknad Skövde,Maxi ICA Stormarknad,,Grocery / convenience,supermarket,,,,,,,,Sweden,"58.4048055,13.8556908",coordinates_only,58.4048055,13.8556908,way,1453527487,OpenStreetMap via Overpass API
chain,ICA,retail_grocery,auto,ICA Supermarket,ICA Supermarket,,Grocery / convenience,supermarket,,,,,,,,Sweden,"60.7376645,15.0021569",coordinates_only,60.7376645,15.0021569,way,1529433426,OpenStreetMap via Overpass API
chain,ICA,retail_grocery,auto,ICA Nära,ICA Nära,,Grocery / convenience,supermarket,,,,,,,,Sweden,"63.457764,14.0640329",coordinates_only,63.457764,14.0640329,way,1534959762,OpenStreetMap via Overpass API
chain,ICA,retail_grocery,auto,ICA Nära,ICA Nära,,Grocery / convenience,supermarket,,,,,,,,Sweden,"63.2097804,14.633452",coordinates_only,63.2097804,14.633452,way,1556607154,OpenStreetMap via Overpass API
chain,ICA,retail_grocery,auto,ICA Allé,ICA Supermarket,,Grocery / convenience,supermarket,,,,,,,,Sweden,"59.0655519,15.1092827",coordinates_only,59.0655519,15.1092827,relation,4115214,OpenStreetMap via Overpass API
chain,ICA,retail_grocery,auto,ICA Supermarket,ICA Supermarket,,Grocery / convenience,supermarket,,,,Nygatan,1,934 31,Kåge,Sweden,Nygatan 1 934 31 Kåge Sweden,strict,64.832194,20.9884214,relation,5451830,OpenStreetMap via Overpass API
chain,ICA,retail_grocery,auto,ICA Supermarket Heby,ICA Supermarket,,Grocery / convenience,supermarket,,,,,,,,Sweden,"59.9384149,16.8663305",coordinates_only,59.9384149,16.8663305,relation,15961288,OpenStreetMap via Overpass API
chain,ICA,retail_grocery,auto,ICA Kvantum Munkebäck,ICA Kvantum,,Grocery / convenience,supermarket,,,,Lilla Munkebäcksgatan,2A,416 72,Göteborg,Sweden,Lilla Munkebäcksgatan 2A 416 72 Göteborg Sweden,strict,57.72335,12.0223771,relation,17325637,OpenStreetMap via Overpass API
chain,ICA,retail_grocery,auto,ICA Nära Ettan,ICA Nära,ICA,Grocery / convenience,supermarket,,,,Varbergsvägen,4,857 32,Sundsvall,Sweden,Varbergsvägen 4 857 32 Sundsvall Sweden,strict,62.4111828,17.2703745,relation,19683842,OpenStreetMap via Overpass API
chain,ICA,retail_grocery,auto,Lunda Livs,,ICA,Grocery / convenience,supermarket,,,,,,,,Sweden,"59.6694268,18.0485404",coordinates_only,59.6694268,18.0485404,node,849485187,OpenStreetMap via Overpass API
chain,ICA,retail_grocery,auto,Matöppet Aroslunds livs,,ICA,Grocery / convenience,supermarket,,,,Arosvägen,32,722 17,Västerås,Sweden,Arosvägen 32 722 17 Västerås Sweden,strict,59.6206908,16.5287647,node,2353580981,OpenStreetMap via Overpass API
chain,ICA,retail_grocery,auto,Freijs Livsmedel,ICA Nära,ICA,Grocery / convenience,supermarket,,,,Järnvägsgatan,1,,Lyrestad,Sweden,Järnvägsgatan 1 Lyrestad Sweden,usable,58.8037408,14.0594446,way,286734690,OpenStreetMap via Overpass API
chain,ICA,retail_grocery,auto,Matboden,ICA Nära,Ica Nära,Grocery / convenience,supermarket,,,,Lindbergsvägen,18,,Varberg,Sweden,Lindbergsvägen 18 Varberg Sweden,usable,57.1263985,12.2685538,way,545021454,OpenStreetMap via Overpass API
chain,ICA,retail_grocery,auto,Vikinghallen,ICA Nära,ICA nära,Grocery / convenience,supermarket,,,,Nyströmsvägen,1,,Värml Nysäter,Sweden,Nyströmsvägen 1 Värml Nysäter Sweden,usable,59.2836805,12.7750541,way,547314452,OpenStreetMap via Overpass API
